1,0,ğŸ˜€,face | grin | grinning face,1,1
2,0,ğŸ˜ƒ,face | grinning face with big eyes | mouth | open | smile,1,1
3,0,ğŸ˜„,eye | face | grinning face with smiling eyes | mouth | open | smile,1,1
4,0,ğŸ˜,beaming facewith smiling eyes | eye | face | grin | smile,1,1
5,0,ğŸ˜†,face | grinning squintingface | laugh | mouth | satisfied | smile,1,1
6,0,ğŸ˜…,cold | face | grinning face withsweat | open | smile | sweat,1,1
7,0,ğŸ¤£,face | floor | laugh | rofl | rolling | rolling on the floor laughing | rotfl,1,1
8,0,ğŸ˜‚,face | face with tears of joy | joy | laugh | tear,1,1
9,0,ğŸ™‚,face | slightly smiling face | smile,1,1
10,0,ğŸ™ƒ,face | upside-down,1,1
11,0,ğŸ« ,disappear | dissolve | liquid | melt,1,1
12,0,ğŸ˜‰,face | wink | winking face,1,1
13,0,ğŸ˜Š,blush | eye | face | smile | smiling face with smiling eyes,1,1
14,0,ğŸ˜‡,angel | face | fantasy | halo | innocent | smiling face with halo,1,1
15,0,ğŸ¥°,adore | crush | hearts | in love| smiling face with hearts,1,1
16,0,ğŸ˜,eye | face | love | smile | smiling facewith heart-eyes,1,1
17,0,ğŸ¤©,eyes | face | grinning | star | star-struck | starry-eyed,1,1
18,0,ğŸ˜˜,face | face blowing a kiss | kiss,1,1
19,0,ğŸ˜—,face | kiss| kissing face,1,1
20,0,â˜ºï¸,face | outlined | relaxed | smile | smiling face,1,1
21,0,ğŸ˜š,closed | eye | face | kiss | kissing face with closed eyes,1,1
22,0,ğŸ˜™,eye | face | kiss | kissing face with smiling eyes | smile,1,1
23,0,ğŸ¥²,grateful | proud | relieved | smiling | smiling face with tear | tear | touched,1,1
24,0,ğŸ˜‹,delicious | face | face savoring food | savouring | smile | yum,1,1
25,0,ğŸ˜›,face | face with tongue | tongue,1,1
26,0,ğŸ˜œ,eye | face | joke | tongue | wink | winking facewith tongue,1,1
27,0,ğŸ¤ª,eye | goofy | large | small | zany face,1,1
28,0,ğŸ˜,eye | face | horrible | squinting face with tongue | taste | tongue,1,1
29,0,ğŸ¤‘,face| money | money-mouth face | mouth,1,1
30,0,ğŸ¤—,face | hug | hugging | open hands | smiling face | smiling face with open hands,1,1
31,0,ğŸ¤­,face with hand over mouth | whoops | shock | sudden realization | surprise,1,1
32,0,ğŸ«¢,amazement | awe | disbelief | embarrass | scared | surprise,1,1
33,0,ğŸ«£,captivated | peep | stare,1,1
34,0,ğŸ¤«,quiet | shush | shushing face,1,1
35,0,ğŸ¤”,face | thinking,1,1
36,0,ğŸ«¡,ok | salute | sunny | troops | yes,1,1
37,0,ğŸ¤,face | mouth | zipper | zipper-mouth face,1,1
38,0,ğŸ¤¨,distrust | face with raised eyebrow | skeptic | disapproval | disbelief | mild surprise | scepticism,1,1
39,0,ğŸ˜,deadpan | face | meh | neutral,1,1
40,0,ğŸ˜‘,expressionless | face | inexpressive | meh | unexpressive,1,1
41,0,ğŸ˜¶,face | face without mouth | mouth | quiet | silent,1,1
42,0,ğŸ«¥,depressed | disappear | hide | introvert | invisible,1,1
43,0,ğŸ˜¶â€ğŸŒ«ï¸,absentminded | face in clouds | face in the fog | head in clouds,1,1
44,0,ğŸ˜,face | smirk | smirking face,1,1
45,0,ğŸ˜’,face | unamused | unhappy,1,1
46,0,ğŸ™„,eyeroll | eyes | face | face with rolling eyes | rolling,1,1
47,0,ğŸ˜¬,face | grimace | grimacingface,1,1
48,0,ğŸ˜®â€ğŸ’¨,exhale | face exhaling | gasp | groan | relief | whisper | whistle,1,1
49,0,ğŸ¤¥,face | lie | lying face | pinocchio,1,1
50,0,ğŸ˜Œ,face | relieved,1,1
51,0,ğŸ˜”,dejected | face | pensive,1,1
52,0,ğŸ˜ª,face | sleep | sleepy face,1,1
53,0,ğŸ¤¤,drooling | face,1,1
54,0,ğŸ˜´,face | sleep | sleeping face | zzz,1,1
55,0,ğŸ˜·,cold | doctor | face | face with medical mask | mask | sick,1,1
56,0,ğŸ¤’,face | face with thermometer | ill | sick | thermometer,1,1
57,0,ğŸ¤•,bandage | face | face with head-bandage | hurt | injury,1,1
58,0,ğŸ¤¢,face | nauseated | vomit,2,1
59,0,ğŸ¤®,face vomiting | puke | sick | vomit,1,1
60,0,ğŸ¤§,face | gesundheit | sneeze | sneezing face,1,1
61,0,ğŸ¥µ,feverish | heat stroke | hot| hot face | red-faced | sweating,3,1
62,0,ğŸ¥¶,blue-faced | cold | cold face | freezing | frostbite | icicles,4,1
63,0,ğŸ¥´,dizzy | intoxicated | tipsy | uneven eyes | wavy mouth | woozy face,1,1
64,0,ğŸ˜µ,crossed-out eyes | dead | face | face with crossed-out eyes | knockedout,1,1
65,0,ğŸ˜µâ€ğŸ’«,dizzy | face with spiral eyes | hypnotized | spiral | trouble | whoa,1,1
66,0,ğŸ¤¯,exploding head | mind blown | shocked,1,1
67,0,ğŸ¤ ,cowboy | cowgirl | face | hat,1,1
68,0,ğŸ¥³,celebration | hat | horn | party | partyingface,1,1
69,0,ğŸ¥¸,disguise | disguised face | face | glasses | incognito | nose,1,1
70,0,ğŸ˜,bright | cool | face | smiling face with sunglasses | sun | sunglasses,1,1
71,0,ğŸ¤“,face | geek | nerd,1,1
72,0,ğŸ§,face with monocle | stuffy | wealthy,1,1
73,0,ğŸ˜•,confused | face | meh,1,1
74,0,ğŸ«¤,disappointed | meh | skeptical | unsure,1,1
75,0,ğŸ˜Ÿ,face | worried,1,1
76,0,ğŸ™,face | frown | slightly frowning face,1,1
77,0,â˜¹,face | frown | frowning face,1,1
78,0,ğŸ˜®,face | face with open mouth | mouth | open | sympathy,1,1
79,0,ğŸ˜¯,face | hushed | stunned | surprised,1,1
80,0,ğŸ˜²,astonished | face | shocked | totally,1,1
81,0,ğŸ˜³,dazed | face | flushed,1,1
82,0,ğŸ¥º,begging | mercy | pleading face | puppy eyes,1,1
83,0,ğŸ¥¹,angry | cry | proud | resist | sad,1,1
84,0,ğŸ˜¦,face | frown | frowning face with open mouth | mouth | open,1,1
85,0,ğŸ˜§,anguished| face,1,1
86,0,ğŸ˜¨,face | fear | fearful | scared,1,1
87,0,ğŸ˜°,anxious face with sweat | blue | cold | face | rushed | sweat,1,1
88,0,ğŸ˜¥,disappointed | face | relieved | sad but relieved face | whew,1,1
89,0,ğŸ˜¢,cry | crying face | face | sad | tear,1,1
90,0,ğŸ˜­,cry | face | loudly crying face | sad | sob | tear,1,1
91,0,ğŸ˜±,face | face screaming in fear | fear | munch | scared | scream,1,1
92,0,ğŸ˜–,confounded | face,1,1
93,0,ğŸ˜£,face | persevere | persevering face,1,1
94,0,ğŸ˜,disappointed | face,1,1
95,0,ğŸ˜“,cold | downcast face with sweat| face | sweat,1,1
96,0,ğŸ˜©,face | tired | weary,1,1
97,0,ğŸ˜«,face | tired,1,1
98,0,ğŸ¥±,bored | tired | yawn | yawning face,1,1
99,0,ğŸ˜¤,face| face with steam from nose | triumph | won,1,1
100,0,ğŸ˜¡,angry | face | mad | pouting | rage | red,3,1
101,0,ğŸ˜ ,anger | angry | face | mad,1,1
102,0,ğŸ¤¬,face withsymbols on mouth | swearing | cursing,3,1
103,0,ğŸ˜ˆ,face | fairy tale | fantasy | horns | smile | smiling face with horns,5,1
104,0,ğŸ‘¿,angry face with horns | demon | devil | face| fantasy | imp,5,1
105,0,ğŸ’€,death | face | fairy tale | monster | skull,4,1
106,0,â˜ ,crossbones | death | face | monster | skull | skull and crossbones,4,1
107,0,ğŸ’©,dung | face | monster | pile of poo | poo | poop,1,1
108,0,ğŸ¤¡,clown | face,4,1
109,0,ğŸ‘¹,creature | face | fairy tale | fantasy | monster | ogre | troll,3,1
110,0,ğŸ‘º,creature | face | fairytale | fantasy | goblin | monster,3,1
111,0,ğŸ‘»,creature | face | fairy tale | fantasy | ghost | monster,4,1
112,0,ğŸ‘½,alien | creature | extraterrestrial | face | fantasy | ufo,4,1
113,0,ğŸ‘¾,alien | creature | extraterrestrial | face | monster | ufo,4,1
114,0,ğŸ¤–,face | monster | robot,4,1
115,0,ğŸ˜º,cat | face | grinning | mouth | open | smile,1,1
116,0,ğŸ˜¸,cat | eye | face | grin | grinning cat with smiling eyes | smile,1,1
117,0,ğŸ˜¹,cat | cat with tears of joy | face | joy | tear,1,1
118,0,ğŸ˜»,cat | eye | face| heart | love | smile | smiling cat with heart-eyes,1,1
119,0,ğŸ˜¼,cat | cat with wry smile | face | ironic | smile | wry,1,1
120,0,ğŸ˜½,cat | eye | face | kiss | kissing cat,1,1
121,0,ğŸ™€,cat | face | oh | surprised | weary,1,1
122,0,ğŸ˜¿,cat | cry | crying cat | face | sad | tear,1,1
123,0,ğŸ˜¾,cat | face | pouting,1,1
124,0,ğŸ™ˆ,evil | face | forbidden | monkey | see | see-no-evil monkey,1,1
125,0,ğŸ™‰,evil | face | forbidden | hear | hear-no-evil monkey | monkey,1,1
126,0,ğŸ™Š,evil | face | forbidden | monkey | speak | speak-no-evil monkey,1,1
127,0,ğŸ’‹,kiss | kiss mark | lips,3,1
128,0,ğŸ’Œ,heart | letter | love | mail,3,1
129,0,ğŸ’˜,arrow | cupid | heart with arrow,3,1
130,0,ğŸ’,heart with ribbon | ribbon | valentine,3,1
131,0,ğŸ’–,excited | sparkle | sparklingheart,3,1
132,0,ğŸ’—,excited | growing | growing heart | nervous | pulse,3,1
133,0,ğŸ’“,beating | beating heart | heartbeat | pulsating,3,1
134,0,ğŸ’,revolving | revolvinghearts,3,1
135,0,ğŸ’•,love | two hearts,3,1
136,0,ğŸ’Ÿ,heart | heart decoration,5,1
137,0,â£,exclamation | heart exclamation | mark | punctuation,4,1
138,0,ğŸ’”,break | broken | broken heart,3,1
139,0,â¤ï¸â€ğŸ”¥,burn | heart | hearton fire | love | lust | sacred heart,3,1
140,0,â¤ï¸â€ğŸ©¹,healthier | improving | mending | mending heart | recovering | recuperating | well,3,1
141,0,â¤,heart | red heart,4,1
142,0,ğŸ§¡,orange | orange heart,4,1
143,0,ğŸ’›,yellow | yellow heart,4,1
144,0,ğŸ’š,green | green heart,2,1
145,0,ğŸ’™,blue | blue heart,4,1
146,0,ğŸ’œ,purple | purple heart,4,1
147,0,ğŸ¤,brown | heart,4,1
148,0,ğŸ–¤,black | black heart | evil | wicked,4,1
149,0,ğŸ¤,heart | white,4,1
150,0,ğŸ’¯,100 | full | hundred | hundred points | score,3,1
151,0,ğŸ’¢,anger symbol | angry | comic | mad,3,1
152,0,ğŸ’¥,boom | collision | comic,3,1
153,0,ğŸ’«,comic | dizzy | star,4,1
154,0,ğŸ’¦,comic | splashing | sweat | sweat droplets,4,1
155,0,ğŸ’¨,comic | dash | dashingaway | running,4,1
156,0,ğŸ•³,hole,4,1
157,0,ğŸ’£,bomb | comic,4,1
158,0,ğŸ’¬,balloon | bubble | comic | dialog | speech,4,1
159,0,ğŸ‘ï¸â€ğŸ—¨ï¸,eye | eye in speech bubble | speech bubble | witness,4,1
160,0,ğŸ—¨,dialog | left speech bubble | speech,4,1
161,0,ğŸ—¯,angry | balloon | bubble | mad | right anger bubble,4,1
162,0,ğŸ’­,balloon | bubble | comic | thought,4,1
163,0,ğŸ’¤,comic | sleep | zzz,4,1
164,0,ğŸ‘‹,hand | wave | waving,1,1
165,0,ğŸ¤š,backhand | raised | raised back of hand,1,1
166,0,ğŸ–,finger | hand | hand with fingers splayed | splayed,1,1
167,0,âœ‹,hand | high 5 | high five | raised hand,1,1
168,0,ğŸ––,finger | hand | spock | vulcan | vulcan salute,1,1
169,0,ğŸ«±,hand | right | rightward,1,1
170,0,ğŸ«²,hand | left | leftward,1,1
171,0,ğŸ«³,dismiss | drop | shoo,1,1
172,0,ğŸ«´,beckon | catch | come | offer,1,1
173,0,ğŸ‘Œ,hand | OK,1,1
174,0,ğŸ¤Œ,fingers| hand gesture | interrogation | pinched | sarcastic,1,1
175,0,ğŸ¤,pinching hand | small amount,1,1
176,0,âœŒ,hand | v | victory,1,1
177,0,ğŸ¤,cross | crossed fingers | finger| hand | luck,1,1
178,0,ğŸ«°,expensive | heart | love | money | snap,1,1
179,0,ğŸ¤Ÿ,hand | ILY | love-you gesture,1,1
180,0,ğŸ¤˜,finger | hand| horns | rock-on | sign of the horns,1,1
181,0,ğŸ¤™,call | call me hand | hand,1,1
182,0,ğŸ‘ˆ,backhand | backhand index pointing left | finger | hand | index | point,1,1
183,0,ğŸ‘‰,backhand | backhand index pointing right | finger | hand | index | point,1,1
184,0,ğŸ‘†,backhand | backhand index pointing up | finger | hand | point | up,1,1
185,0,ğŸ–•,finger | hand | middle finger,1,1
186,0,ğŸ‘‡,backhand | backhand index pointing down | down | finger | hand | point,1,1
187,0,â˜,finger | hand | index | index pointing up | point | up,1,1
188,0,ğŸ«µ,point | you,1,1
189,0,ğŸ‘,#ERROR!,1,1
190,0,ğŸ‘,-1 | down | hand | thumb | thumbs down,1,1
191,0,âœŠ,clenched | fist | hand | punch | raised fist,1,1
192,0,ğŸ‘Š,clenched | fist | hand | oncoming fist | punch,1,1
193,0,ğŸ¤›,fist | left-facing fist | leftwards,1,1
194,0,ğŸ¤œ,fist | right-facing fist | rightwards,1,1
195,0,ğŸ‘,clap | clapping hands | hand,1,1
196,0,ğŸ™Œ,celebration | gesture| hand | hooray | raised | raising hands,1,1
197,0,ğŸ«¶,love,1,1
198,0,ğŸ‘,hand | open | open hands,1,1
199,0,ğŸ¤²,palms up together | prayer | cupped hands,1,1
200,0,ğŸ¤,agreement | hand | handshake | meeting | shake,1,1
201,0,ğŸ™,ask | folded hands | hand| high 5 | high five | please | pray | thanks,1,1
202,0,âœ,hand | write | writing hand,1,1
203,0,ğŸ’…,care | cosmetics | manicure | nail | polish,1,1
204,0,ğŸ¤³,camera | phone | selfie,1,1
205,0,ğŸ’ª,biceps | comic | flex | flexed biceps | muscle,1,1
206,0,ğŸ¦¾,accessibility | mechanical arm | prosthetic,1,1
207,0,ğŸ¦¿,accessibility | mechanical leg | prosthetic,1,1
208,0,ğŸ¦µ,kick | leg | limb,1,1
209,0,ğŸ¦¶,foot | kick | stomp,1,1
210,0,ğŸ‘‚,body | ear,1,1
211,0,ğŸ¦»,accessibility | ear with hearing aid | hard of hearing,1,1
212,0,ğŸ‘ƒ,body | nose,1,1
213,0,ğŸ§ ,brain | intelligent,3,1
214,0,ğŸ«€,anatomical | cardiology | heart | organ | pulse,3,1
215,0,ğŸ«,breath | exhalation | inhalation | lungs | organ | respiration,3,1
216,0,ğŸ¦·,dentist | tooth,4,1
217,0,ğŸ¦´,bone | skeleton,4,1
218,0,ğŸ‘€,eye | eyes | face,4,1
219,0,ğŸ‘,body | eye,4,1
220,0,ğŸ‘…,body | tongue,3,1
221,0,ğŸ‘„,lips | mouth,3,1
222,0,ğŸ«¦,anxious | fear | flirting | nervous | uncomfortable | worried,4,1
223,0,ğŸ‘¶,baby | young,1,1
224,0,ğŸ§’,child | gender-neutral | unspecified gender | young,1,1
225,0,ğŸ‘¦,boy | young,1,1
226,0,ğŸ‘§,girl | Virgo | young | zodiac,1,1
227,0,ğŸ§‘,adult | gender-neutral | person | unspecified gender,1,1
228,0,ğŸ‘±,blond | blond-haired person | hair | person: blond hair,1,1
229,0,ğŸ‘¨,adult | man,1,1
230,0,ğŸ§”,beard | person | person: beard | bewhiskered,1,1
231,0,ğŸ§”â€â™‚ï¸,beard | man | man: beard,1,1
232,0,ğŸ§”â€â™€ï¸,beard | woman | woman: beard,1,1
233,0,ğŸ‘¨â€ğŸ¦°,adult | man | red hair,1,1
234,0,ğŸ‘¨â€ğŸ¦±,adult | curly hair | man,1,1
235,0,ğŸ‘¨â€ğŸ¦³,adult | man | white hair,1,1
236,0,ğŸ‘¨â€ğŸ¦²,adult | bald | man,1,1
237,0,ğŸ‘©,adult | woman,1,1
238,0,ğŸ‘©â€ğŸ¦°,adult | red hair | woman,1,1
239,0,ğŸ§‘â€ğŸ¦°,adult | gender-neutral | person | red hair | unspecified gender,1,1
240,0,ğŸ‘©â€ğŸ¦±,adult | curly hair | woman,1,1
241,0,ğŸ§‘â€ğŸ¦±,adult | curly hair | gender-neutral | person | unspecified gender,1,1
242,0,ğŸ‘©â€ğŸ¦³,adult | white hair | woman,1,1
243,0,ğŸ§‘â€ğŸ¦³,adult | gender-neutral | person | unspecified gender | white hair,1,1
244,0,ğŸ‘©â€ğŸ¦²,adult | bald | woman,1,1
245,0,ğŸ§‘â€ğŸ¦²,adult | bald | gender-neutral | person | unspecified gender,1,1
246,0,ğŸ‘±â€â™€ï¸,blond-haired woman | blonde | hair | woman | woman: blond hair,1,1
247,0,ğŸ‘±â€â™‚ï¸,blond | blond-haired man | hair | man | man: blond hair,1,1
248,0,ğŸ§“,adult | gender-neutral | old| older person | unspecified gender,1,1
249,0,ğŸ‘´,adult | man | old,1,1
250,0,ğŸ‘µ,adult| old | woman,1,1
251,0,ğŸ™,frown | gesture | person frowning,1,1
252,0,ğŸ™â€â™‚ï¸,frowning | gesture | man,1,1
253,0,ğŸ™â€â™€ï¸,frowning | gesture | woman,1,1
254,0,ğŸ™,gesture | person pouting | pouting,1,1
255,0,ğŸ™â€â™‚ï¸,gesture | man | pouting,1,1
256,0,ğŸ™â€â™€ï¸,gesture | pouting | woman,1,1
257,0,ğŸ™…,forbidden | gesture | hand | person gesturing NO | prohibited,1,1
258,0,ğŸ™…â€â™‚ï¸,forbidden | gesture | hand | man | man gesturingNO | prohibited,1,1
259,0,ğŸ™…â€â™€ï¸,forbidden | gesture | hand | prohibited | woman | woman gesturing NO,1,1
260,0,ğŸ™†,gesture | hand | OK | person gesturing OK,1,1
261,0,ğŸ™†â€â™‚ï¸,gesture | hand | man | man gesturing OK | OK,1,1
262,0,ğŸ™†â€â™€ï¸,gesture | hand | OK | woman | woman gesturing OK,1,1
263,0,ğŸ’,hand | help | information | person tipping hand | sassy | tipping,1,1
264,0,ğŸ’â€â™‚ï¸,man | man tipping hand | sassy | tipping hand,1,1
265,0,ğŸ’â€â™€ï¸,sassy | tipping hand | woman | woman tipping hand,1,1
266,0,ğŸ™‹,gesture | hand | happy | person raising hand | raised,1,1
267,0,ğŸ™‹â€â™‚ï¸,gesture | man | manraising hand | raising hand,1,1
268,0,ğŸ™‹â€â™€ï¸,gesture | raising hand | woman| woman raising hand,1,1
269,0,ğŸ§,accessibility | deaf | deaf person | ear | hear,1,1
270,0,ğŸ§â€â™‚ï¸,deaf | man,1,1
271,0,ğŸ§â€â™€ï¸,deaf | woman,1,1
272,0,ğŸ™‡,apology | bow | gesture | person bowing | sorry,1,1
273,0,ğŸ™‡â€â™‚ï¸,apology | bowing | favor | gesture | man | sorry,1,1
274,0,ğŸ™‡â€â™€ï¸,apology | bowing | favor | gesture | sorry | woman,1,1
275,0,ğŸ¤¦,disbelief | exasperation | face | palm | person facepalming,1,1
276,0,ğŸ¤¦â€â™‚ï¸,disbelief | exasperation | facepalm | man | man facepalming,1,1
277,0,ğŸ¤¦â€â™€ï¸,disbelief | exasperation | facepalm | woman | woman facepalming,1,1
278,0,ğŸ¤·,doubt | ignorance | indifference | personshrugging | shrug,1,1
279,0,ğŸ¤·â€â™‚ï¸,doubt | ignorance | indifference | man | manshrugging | shrug,1,1
280,0,ğŸ¤·â€â™€ï¸,doubt | ignorance | indifference | shrug | woman | woman shrugging,1,1
281,0,ğŸ§‘â€âš•ï¸,doctor | health worker | healthcare | nurse | therapist,1,1
282,0,ğŸ‘¨â€âš•ï¸,doctor | healthcare | man | man healthworker | nurse | therapist,1,1
283,0,ğŸ‘©â€âš•ï¸,doctor | healthcare | nurse | therapist | woman | woman health worker,1,1
284,0,ğŸ§‘â€ğŸ“,graduate | student,1,1
285,0,ğŸ‘¨â€ğŸ“,graduate | man | student,1,1
286,0,ğŸ‘©â€ğŸ“,graduate | student | woman,1,1
287,0,ğŸ§‘â€ğŸ«,instructor | professor | teacher,1,1
288,0,ğŸ‘¨â€ğŸ«,instructor | man | professor | teacher,1,1
289,0,ğŸ‘©â€ğŸ«,instructor | professor | teacher | woman,1,1
290,0,ğŸ§‘â€âš–ï¸,judge | justice | scales,1,1
291,0,ğŸ‘¨â€âš–ï¸,judge | justice | man | scales,1,1
292,0,ğŸ‘©â€âš–ï¸,judge | justice | scales | woman,1,1
293,0,ğŸ§‘â€ğŸŒ¾,farmer | gardener | rancher,1,1
294,0,ğŸ‘¨â€ğŸŒ¾,farmer | gardener | man | rancher,1,1
295,0,ğŸ‘©â€ğŸŒ¾,farmer | gardener | rancher | woman,1,1
296,0,ğŸ§‘â€ğŸ³,chef | cook,1,1
297,0,ğŸ‘¨â€ğŸ³,chef | cook | man,1,1
298,0,ğŸ‘©â€ğŸ³,chef| cook | woman,1,1
299,0,ğŸ§‘â€ğŸ”§,electrician | mechanic | plumber | tradesperson,1,1
300,0,ğŸ‘¨â€ğŸ”§,electrician | man | mechanic | plumber | tradesperson,1,1
301,0,ğŸ‘©â€ğŸ”§,electrician | mechanic | plumber | tradesperson | woman,1,1
302,0,ğŸ§‘â€ğŸ­,assembly | factory | industrial | worker,1,1
303,0,ğŸ‘¨â€ğŸ­,assembly | factory | industrial | man | worker,1,1
304,0,ğŸ‘©â€ğŸ­,assembly | factory | industrial | woman | worker,1,1
305,0,ğŸ§‘â€ğŸ’¼,architect | business | manager | office worker | white-collar,1,1
306,0,ğŸ‘¨â€ğŸ’¼,architect | business | man | man office worker | manager | white-collar,1,1
307,0,ğŸ‘©â€ğŸ’¼,architect | business | manager | white-collar | woman | woman office worker,1,1
308,0,ğŸ§‘â€ğŸ”¬,biologist | chemist | engineer | physicist | scientist,1,1
309,0,ğŸ‘¨â€ğŸ”¬,biologist | chemist | engineer | man | physicist | scientist,1,1
310,0,ğŸ‘©â€ğŸ”¬,biologist | chemist | engineer | physicist | scientist | woman,1,1
311,0,ğŸ§‘â€ğŸ’»,coder | developer | inventor | software | technologist,1,1
312,0,ğŸ‘¨â€ğŸ’»,coder | developer | inventor | man | software | technologist,1,1
313,0,ğŸ‘©â€ğŸ’»,coder | developer | inventor | software | technologist | woman,1,1
314,0,ğŸ§‘â€ğŸ¤,actor | entertainer| rock | singer | star,1,1
315,0,ğŸ‘¨â€ğŸ¤,actor | entertainer | man | rock | singer | star,1,1
316,0,ğŸ‘©â€ğŸ¤,actor | entertainer | rock | singer | star | woman,1,1
317,0,ğŸ§‘â€ğŸ¨,artist | palette,1,1
318,0,ğŸ‘¨â€ğŸ¨,artist | man | palette,1,1
319,0,ğŸ‘©â€ğŸ¨,artist | palette | woman,1,1
320,0,ğŸ§‘â€âœˆï¸,pilot | plane,1,1
321,0,ğŸ‘¨â€âœˆï¸,man | pilot | plane,1,1
322,0,ğŸ‘©â€âœˆï¸,pilot | plane | woman,1,1
323,0,ğŸ§‘â€ğŸš€,astronaut | rocket,1,1
324,0,ğŸ‘¨â€ğŸš€,astronaut | man | rocket,1,1
325,0,ğŸ‘©â€ğŸš€,astronaut | rocket | woman,1,1
326,0,ğŸ§‘â€ğŸš’,firefighter | firetruck,1,1
327,0,ğŸ‘¨â€ğŸš’,firefighter | firetruck | man,1,1
328,0,ğŸ‘©â€ğŸš’,firefighter | firetruck | woman,1,1
329,0,ğŸ‘®,cop | officer | police,1,1
330,0,ğŸ‘®â€â™‚ï¸,cop | man | officer | police,1,1
331,0,ğŸ‘®â€â™€ï¸,cop | officer | police | woman,1,1
332,0,ğŸ•µ,detective | sleuth | spy,1,1
333,0,ğŸ•µï¸â€â™‚ï¸,detective | man | sleuth | spy,1,1
334,0,ğŸ•µï¸â€â™€ï¸,detective | sleuth | spy | woman,1,1
335,0,ğŸ’‚,guard,1,1
336,0,ğŸ’‚â€â™‚ï¸,guard | man,1,1
337,0,ğŸ’‚â€â™€ï¸,guard | woman,1,1
338,0,ğŸ¥·,fighter | hidden | ninja | stealth,1,1
339,0,ğŸ‘·,construction| hat | worker,1,1
340,0,ğŸ‘·â€â™‚ï¸,construction | man | worker,1,1
341,0,ğŸ‘·â€â™€ï¸,construction | woman | worker,1,1
342,0,ğŸ«…,monarch | noble | regal | royalty,1,1
343,0,ğŸ¤´,prince,1,1
344,0,ğŸ‘¸,fairy tale | fantasy | princess,1,1
345,0,ğŸ‘³,person wearing turban | turban,1,1
346,0,ğŸ‘³â€â™‚ï¸,man | man wearing turban | turban,1,1
347,0,ğŸ‘³â€â™€ï¸,turban | woman | woman wearing turban,1,1
348,0,ğŸ‘²,cap | gua pi mao | hat| person | person with skullcap | skullcap,1,1
349,0,ğŸ§•,headscarf | hijab | mantilla | tichel | woman with headscarf | bandana | head kerchief,1,1
350,0,ğŸ¤µ,groom | person | person intuxedo | tuxedo,1,1
351,0,ğŸ¤µâ€â™‚ï¸,man | man in tuxedo | tuxedo,1,1
352,0,ğŸ¤µâ€â™€ï¸,tuxedo | woman | woman in tuxedo,1,1
353,0,ğŸ‘°,bride| person | person with veil | veil | wedding,1,1
354,0,ğŸ‘°â€â™‚ï¸,man | man withveil | veil,1,1
355,0,ğŸ‘°â€â™€ï¸,veil | woman | woman with veil,1,1
356,0,ğŸ¤°,pregnant | woman,1,1
357,0,ğŸ«ƒ,belly | bloated | full | pregnant,1,1
358,0,ğŸ«„,belly | bloated | full | pregnant,1,1
359,0,ğŸ¤±,baby | breast | breast-feeding | nursing,1,1
360,0,ğŸ‘©â€ğŸ¼,baby | feeding | nursing | woman,1,1
361,0,ğŸ‘¨â€ğŸ¼,baby | feeding | man | nursing,1,1
362,0,ğŸ§‘â€ğŸ¼,baby | feeding | nursing | person,1,1
363,0,ğŸ‘¼,angel | baby | face | fairytale | fantasy,1,1
364,0,ğŸ…,celebration | Christmas | claus | father | santa | Santa Claus,1,1
365,0,ğŸ¤¶,celebration | Christmas | claus | mother | Mrs. | Mrs. Claus,1,1
366,0,ğŸ§‘â€ğŸ„,christmas | mx claus,1,1
367,0,ğŸ¦¸,good | hero | heroine | superhero | superpower,1,1
368,0,ğŸ¦¸â€â™‚ï¸,good | hero | man | man superhero | superpower,1,1
369,0,ğŸ¦¸â€â™€ï¸,good | hero | heroine | superpower | woman | womansuperhero,1,1
370,0,ğŸ¦¹,criminal | evil | superpower | supervillain | villain,1,1
371,0,ğŸ¦¹â€â™‚ï¸,criminal | evil | man | man supervillain | superpower | villain,1,1
372,0,ğŸ¦¹â€â™€ï¸,criminal | evil | superpower | villain | woman | woman supervillain,1,1
373,0,ğŸ§™,mage | sorcerer | sorceress | witch | wizard,1,1
374,0,ğŸ§™â€â™‚ï¸,man mage | sorcerer | wizard,1,1
375,0,ğŸ§™â€â™€ï¸,sorceress | witch | woman mage,1,1
376,0,ğŸ§š,fairy | Oberon | Puck | Titania,1,1
377,0,ğŸ§šâ€â™‚ï¸,man fairy| Oberon | Puck,1,1
378,0,ğŸ§šâ€â™€ï¸,Titania | woman fairy,1,1
379,0,ğŸ§›,Dracula | undead | vampire,1,1
380,0,ğŸ§›â€â™‚ï¸,Dracula | man vampire | undead,1,1
381,0,ğŸ§›â€â™€ï¸,undead | woman vampire,1,1
382,0,ğŸ§œ,mermaid | merman | merperson | merwoman,1,1
383,0,ğŸ§œâ€â™‚ï¸,merman | Triton,1,1
384,0,ğŸ§œâ€â™€ï¸,mermaid | merwoman,1,1
385,0,ğŸ§,elf | magical | LOTR style,1,1
386,0,ğŸ§â€â™‚ï¸,magical | man elf,1,1
387,0,ğŸ§â€â™€ï¸,magical | woman elf,1,1
388,0,ğŸ§,djinn | genie | (non-human color),4,1
389,0,ğŸ§â€â™‚ï¸,djinn | man genie,4,1
390,0,ğŸ§â€â™€ï¸,djinn | woman genie,4,1
391,0,ğŸ§Ÿ,undead | walking dead | zombie | (non-human color),4,1
392,0,ğŸ§Ÿâ€â™‚ï¸,man zombie | undead | walking dead,4,1
393,0,ğŸ§Ÿâ€â™€ï¸,undead | walking dead | woman zombie,4,1
394,0,ğŸ§Œ,fairy tale | fantasy | monster,4,1
395,0,ğŸ’†,face | massage | person gettingmassage | salon,1,1
396,0,ğŸ’†â€â™‚ï¸,face | man | man getting massage | massage,1,1
397,0,ğŸ’†â€â™€ï¸,face | massage | woman | woman getting massage,1,1
398,0,ğŸ’‡,barber | beauty | haircut | parlor | person getting haircut,1,1
399,0,ğŸ’‡â€â™‚ï¸,haircut | man | man getting haircut,1,1
400,0,ğŸ’‡â€â™€ï¸,haircut | woman | woman getting haircut,1,1
401,0,ğŸš¶,hike | personwalking | walk | walking,4,1
402,0,ğŸš¶â€â™‚ï¸,hike | man | man walking | walk,4,1
403,0,ğŸš¶â€â™€ï¸,hike | walk | woman | woman walking,4,1
404,0,ğŸ§,person standing | stand | standing,4,1
405,0,ğŸ§â€â™‚ï¸,man | standing,4,1
406,0,ğŸ§â€â™€ï¸,standing | woman,4,1
407,0,ğŸ§,kneel | kneeling | person kneeling,4,1
408,0,ğŸ§â€â™‚ï¸,kneeling | man,4,1
409,0,ğŸ§â€â™€ï¸,kneeling | woman,4,1
410,0,ğŸ§‘â€ğŸ¦¯,accessibility | blind | person with white cane,4,1
411,0,ğŸ‘¨â€ğŸ¦¯,accessibility | blind | man | man with white cane,4,1
412,0,ğŸ‘©â€ğŸ¦¯,accessibility | blind | woman | woman with white cane,4,1
413,0,ğŸ§‘â€ğŸ¦¼,accessibility | person in motorized wheelchair | wheelchair,4,1
414,0,ğŸ‘¨â€ğŸ¦¼,accessibility | man | man in motorized wheelchair | wheelchair,4,1
415,0,ğŸ‘©â€ğŸ¦¼,accessibility | wheelchair | woman | woman in motorized wheelchair,4,1
416,0,ğŸ§‘â€ğŸ¦½,accessibility | person in manual wheelchair | wheelchair,4,1
417,0,ğŸ‘¨â€ğŸ¦½,accessibility | man | man in manual wheelchair | wheelchair,4,1
418,0,ğŸ‘©â€ğŸ¦½,accessibility | wheelchair | woman | woman in manual wheelchair,4,1
419,0,ğŸƒ,marathon | person running | running,4,1
420,0,ğŸƒâ€â™‚ï¸,man | marathon | racing | running,4,1
421,0,ğŸƒâ€â™€ï¸,marathon | racing | running | woman,4,1
422,0,ğŸ’ƒ,dance | dancing | woman,4,1
423,0,ğŸ•º,dance | dancing | man,4,1
424,0,ğŸ•´,business | person | person in suit levitating | suit,4,1
425,0,ğŸ‘¯,bunny ear | dancer | partying | people with bunny ears,4,1
426,0,ğŸ‘¯â€â™‚ï¸,bunny ear | dancer | men | men with bunny ears | partying,4,1
427,0,ğŸ‘¯â€â™€ï¸,bunny ear | dancer | partying | women | women with bunny ears,4,1
428,0,ğŸ§–,person in steamy room | sauna | steam room | hamam | steambath,4,1
429,0,ğŸ§–â€â™‚ï¸,man in steamy room | sauna | steam room,4,1
430,0,ğŸ§–â€â™€ï¸,sauna | steam room | woman in steamy room,4,1
431,0,ğŸ§—,climber | person climbing,4,1
432,0,ğŸ§—â€â™‚ï¸,climber | man climbing,4,1
433,0,ğŸ§—â€â™€ï¸,climber | woman climbing,4,1
434,0,ğŸ¤º,fencer | fencing | person fencing | sword,4,1
435,0,ğŸ‡,horse | jockey | racehorse | racing,4,1
436,0,â›·,ski | skier | snow,4,1
437,0,ğŸ‚,ski | snow | snowboard | snowboarder,4,1
438,0,ğŸŒ,ball | golf | person golfing,4,1
439,0,ğŸŒï¸â€â™‚ï¸,golf | man | man golfing,4,1
440,0,ğŸŒï¸â€â™€ï¸,golf | woman | woman golfing,4,1
441,0,ğŸ„,personsurfing | surfing,4,1
442,0,ğŸ„â€â™‚ï¸,man | surfing,4,1
443,0,ğŸ„â€â™€ï¸,surfing | woman,4,1
444,0,ğŸš£,boat | person rowing boat | rowboat,4,1
445,0,ğŸš£â€â™‚ï¸,boat | man | man rowing boat | rowboat,4,1
446,0,ğŸš£â€â™€ï¸,boat | rowboat | woman | woman rowing boat,4,1
447,0,ğŸŠ,person swimming | swim,4,1
448,0,ğŸŠâ€â™‚ï¸,man | man swimming | swim,4,1
449,0,ğŸŠâ€â™€ï¸,swim | woman | woman swimming,4,1
450,0,â›¹,ball | person bouncing ball,4,1
451,0,â›¹ï¸â€â™‚ï¸,ball | man | manbouncing ball,4,1
452,0,â›¹ï¸â€â™€ï¸,ball | woman | woman bouncing ball,4,1
453,0,ğŸ‹,lifter | person lifting weights | weight,4,1
454,0,ğŸ‹ï¸â€â™‚ï¸,man | man lifting weights | weight lifter,4,1
455,0,ğŸ‹ï¸â€â™€ï¸,weight lifter | woman | woman lifting weights,4,1
456,0,ğŸš´,bicycle | biking | cyclist | person biking,4,1
457,0,ğŸš´â€â™‚ï¸,bicycle | biking | cyclist | man,4,1
458,0,ğŸš´â€â™€ï¸,bicycle | biking | cyclist | woman,4,1
459,0,ğŸšµ,bicycle | bicyclist | bike | cyclist | mountain | person mountain biking,4,1
460,0,ğŸšµâ€â™‚ï¸,bicycle | bike | cyclist | man | man mountain biking | mountain,4,1
461,0,ğŸšµâ€â™€ï¸,bicycle | bike | biking | cyclist | mountain | woman,4,1
462,0,ğŸ¤¸,cartwheel | gymnastics | person cartwheeling,4,1
463,0,ğŸ¤¸â€â™‚ï¸,cartwheel | gymnastics | man | man cartwheeling,4,1
464,0,ğŸ¤¸â€â™€ï¸,cartwheel | gymnastics | woman | woman cartwheeling,4,1
465,0,ğŸ¤¼,peoplewrestling | wrestle | wrestler,4,1
466,0,ğŸ¤¼â€â™‚ï¸,men | men wrestling | wrestle,4,1
467,0,ğŸ¤¼â€â™€ï¸,women | women wrestling | wrestle,4,1
468,0,ğŸ¤½,person playing water polo | polo | water,4,1
469,0,ğŸ¤½â€â™‚ï¸,man | man playing water polo | water polo,4,1
470,0,ğŸ¤½â€â™€ï¸,water polo | woman | woman playing water polo,4,1
471,0,ğŸ¤¾,ball | handball | personplaying handball,4,1
472,0,ğŸ¤¾â€â™‚ï¸,handball | man | man playing handball,4,1
473,0,ğŸ¤¾â€â™€ï¸,handball | woman | woman playing handball,4,1
474,0,ğŸ¤¹,balance | juggle | multitask | person juggling | skill,4,1
475,0,ğŸ¤¹â€â™‚ï¸,juggling | man | multitask,4,1
476,0,ğŸ¤¹â€â™€ï¸,juggling | multitask | woman,4,1
477,0,ğŸ§˜,meditation | person in lotus position | yoga| serenity,4,1
478,0,ğŸ§˜â€â™‚ï¸,man in lotus position | meditation | yoga,4,1
479,0,ğŸ§˜â€â™€ï¸,meditation | woman in lotus position | yoga,4,1
480,0,ğŸ›€,bath | bathtub | person taking bath,4,1
481,0,ğŸ›Œ,hotel | person in bed | sleep,4,1
482,0,ğŸ§‘â€ğŸ¤â€ğŸ§‘,couple | hand | hold | holding hands | people holding hands | person,4,1
483,0,ğŸ‘­,couple | hand | holding hands | women | women holding hands,4,1
484,0,ğŸ‘«,couple | hand | hold | holding hands | man| woman | woman and man holding hands,4,1
485,0,ğŸ‘¬,couple | Gemini | holding hands | man | men| men holding hands | twins | zodiac,4,1
486,0,ğŸ’,couple | kiss,1,1
487,0,ğŸ‘©â€â¤ï¸â€ğŸ’‹â€ğŸ‘¨,couple | kiss | man | woman,1,1
488,0,ğŸ‘¨â€â¤ï¸â€ğŸ’‹â€ğŸ‘¨,couple | kiss | man,1,1
489,0,ğŸ‘©â€â¤ï¸â€ğŸ’‹â€ğŸ‘©,couple | kiss | woman,1,1
490,0,ğŸ’‘,couple | couple with heart | love,1,1
491,0,ğŸ‘©â€â¤ï¸â€ğŸ‘¨,couple | couple with heart | love | man | woman,1,1
492,0,ğŸ‘¨â€â¤ï¸â€ğŸ‘¨,couple | couple with heart | love | man,1,1
493,0,ğŸ‘©â€â¤ï¸â€ğŸ‘©,couple | couple with heart | love | woman,1,1
494,0,ğŸ‘ª,family,1,1
495,0,ğŸ‘¨â€ğŸ‘©â€ğŸ‘¦,boy | family | man | woman,1,1
496,0,ğŸ‘¨â€ğŸ‘©â€ğŸ‘§,family | girl | man | woman,1,1
497,0,ğŸ‘¨â€ğŸ‘©â€ğŸ‘§â€ğŸ‘¦,boy | family | girl | man | woman,1,1
498,0,ğŸ‘¨â€ğŸ‘©â€ğŸ‘¦â€ğŸ‘¦,boy | family | man | woman,1,1
499,0,ğŸ‘¨â€ğŸ‘©â€ğŸ‘§â€ğŸ‘§,family | girl | man | woman,1,1
500,0,ğŸ‘¨â€ğŸ‘¨â€ğŸ‘¦,boy | family | man,1,1
501,0,ğŸ‘¨â€ğŸ‘¨â€ğŸ‘§,family | girl | man,1,1
502,0,ğŸ‘¨â€ğŸ‘¨â€ğŸ‘§â€ğŸ‘¦,boy | family | girl | man,1,1
503,0,ğŸ‘¨â€ğŸ‘¨â€ğŸ‘¦â€ğŸ‘¦,boy | family | man,1,1
504,0,ğŸ‘¨â€ğŸ‘¨â€ğŸ‘§â€ğŸ‘§,family | girl | man,1,1
505,0,ğŸ‘©â€ğŸ‘©â€ğŸ‘¦,boy | family | woman,1,1
506,0,ğŸ‘©â€ğŸ‘©â€ğŸ‘§,family | girl | woman,1,1
507,0,ğŸ‘©â€ğŸ‘©â€ğŸ‘§â€ğŸ‘¦,boy | family | girl | woman,1,1
508,0,ğŸ‘©â€ğŸ‘©â€ğŸ‘¦â€ğŸ‘¦,boy | family | woman,1,1
509,0,ğŸ‘©â€ğŸ‘©â€ğŸ‘§â€ğŸ‘§,family | girl | woman,1,1
510,0,ğŸ‘¨â€ğŸ‘¦,boy | family | man,1,1
511,0,ğŸ‘¨â€ğŸ‘¦â€ğŸ‘¦,boy | family | man,1,1
512,0,ğŸ‘¨â€ğŸ‘§,family | girl | man,1,1
513,0,ğŸ‘¨â€ğŸ‘§â€ğŸ‘¦,boy| family | girl | man,1,1
514,0,ğŸ‘¨â€ğŸ‘§â€ğŸ‘§,family | girl | man,1,1
515,0,ğŸ‘©â€ğŸ‘¦,boy | family | woman,1,1
516,0,ğŸ‘©â€ğŸ‘¦â€ğŸ‘¦,boy | family | woman,1,1
517,0,ğŸ‘©â€ğŸ‘§,family | girl | woman,1,1
518,0,ğŸ‘©â€ğŸ‘§â€ğŸ‘¦,boy | family | girl | woman,1,1
519,0,ğŸ‘©â€ğŸ‘§â€ğŸ‘§,family | girl | woman,1,1
520,0,ğŸ—£,face | head | silhouette | speak | speaking,4,1
521,0,ğŸ‘¤,bust | bust insilhouette | silhouette,4,1
522,0,ğŸ‘¥,bust | busts in silhouette | silhouette,4,1
523,0,ğŸ«‚,goodbye | hello | hug | people hugging | thanks,4,1
524,0,ğŸ‘£,clothing | footprint| footprints | print,4,1
525,0,ğŸ¦°,ginger | red hair | redhead,1,1
526,0,ğŸ¦±,afro | curly | curly hair | ringlets,1,1
527,0,ğŸ¦³,gray | hair | old | white,1,1
528,0,ğŸ¦²,bald | chemotherapy | hairless | no hair | shaven,1,1
529,0,ğŸµ,face | monkey,4,2
530,0,ğŸ’,monkey,4,2
531,0,ğŸ¦,gorilla,4,2
532,0,ğŸ¦§,ape | orangutan,4,2
533,0,ğŸ¶,dog | face | pet,4,2
534,0,ğŸ•,dog | pet,4,2
535,0,ğŸ¦®,accessibility | blind | guide | guide dog,4,2
536,0,ğŸ•â€ğŸ¦º,accessibility | assistance | dog | service,4,2
537,0,ğŸ©,dog | poodle,4,2
538,0,ğŸº,face | wolf,4,2
539,0,ğŸ¦Š,face | fox,4,2
540,0,ğŸ¦,curious | raccoon | sly,4,2
541,0,ğŸ±,cat | face | pet,4,2
542,0,ğŸˆ,cat | pet,4,2
543,0,ğŸˆâ€â¬›,black | cat | unlucky,4,2
544,0,ğŸ¦,face | Leo | lion | zodiac,4,2
545,0,ğŸ¯,face | tiger,4,2
546,0,ğŸ…,tiger,4,2
547,0,ğŸ†,leopard,4,2
548,0,ğŸ´,face | horse,4,2
549,0,ğŸ,equestrian | horse | racehorse | racing,4,2
550,0,ğŸ¦„,face | unicorn,4,2
551,0,ğŸ¦“,stripe | zebra,4,2
552,0,ğŸ¦Œ,deer,4,2
553,0,ğŸ¦¬,bison | buffalo | herd | wisent,4,2
554,0,ğŸ®,cow | face,4,2
555,0,ğŸ‚,bull | ox | Taurus | zodiac,4,2
556,0,ğŸƒ,buffalo | water,4,2
557,0,ğŸ„,cow,4,2
558,0,ğŸ·,face | pig,4,2
559,0,ğŸ–,pig | sow,4,2
560,0,ğŸ—,boar | pig,4,2
561,0,ğŸ½,face | nose | pig,4,2
562,0,ğŸ,Aries | male | ram | sheep | zodiac,4,2
563,0,ğŸ‘,ewe | female | sheep,4,2
564,0,ğŸ,Capricorn | goat | zodiac,4,2
565,0,ğŸª,camel | dromedary | hump,4,2
566,0,ğŸ«,bactrian | camel | hump | two-hump camel,4,2
567,0,ğŸ¦™,alpaca | guanaco | llama | vicuÃ±a | wool,4,2
568,0,ğŸ¦’,giraffe | spots,4,2
569,0,ğŸ˜,elephant,4,2
570,0,ğŸ¦£,extinction | large | mammoth | tusk | woolly,4,2
571,0,ğŸ¦,rhinoceros,4,2
572,0,ğŸ¦›,hippo | hippopotamus,4,2
573,0,ğŸ­,face | mouse,4,2
574,0,ğŸ,mouse,4,2
575,0,ğŸ€,rat,4,2
576,0,ğŸ¹,face | hamster | pet,4,2
577,0,ğŸ°,bunny | face | pet | rabbit,4,2
578,0,ğŸ‡,bunny | pet | rabbit,4,2
579,0,ğŸ¿,chipmunk | squirrel,4,2
580,0,ğŸ¦«,beaver | dam,4,2
581,0,ğŸ¦”,hedgehog | spiny,4,2
582,0,ğŸ¦‡,bat | vampire,4,2
583,0,ğŸ»,bear | face,4,2
584,0,ğŸ»â€â„ï¸,arctic | bear | polar bear | white,4,2
585,0,ğŸ¨,face | koala| marsupial,4,2
586,0,ğŸ¼,face | panda,4,2
587,0,ğŸ¦¥,lazy | sloth | slow,4,2
588,0,ğŸ¦¦,fishing | otter | playful,4,2
589,0,ğŸ¦¨,skunk | stink,4,2
590,0,ğŸ¦˜,Australia | joey | jump | kangaroo | marsupial,4,2
591,0,ğŸ¦¡,badger | honey badger | pester,4,2
592,0,ğŸ¾,feet | paw | paw prints | print,4,2
593,0,ğŸ¦ƒ,bird | turkey,4,2
594,0,ğŸ”,bird | chicken,4,2
595,0,ğŸ“,bird | rooster,4,2
596,0,ğŸ£,baby | bird | chick | hatching,1,2
597,0,ğŸ¤,baby | bird | chick,1,2
598,0,ğŸ¥,baby | bird | chick | front-facing baby chick,1,2
599,0,ğŸ¦,bird,4,2
600,0,ğŸ§,bird | penguin,4,2
601,0,ğŸ•Š,bird | dove | fly | peace,4,2
602,0,ğŸ¦…,bird | eagle,4,2
603,0,ğŸ¦†,bird | duck,4,2
604,0,ğŸ¦¢,bird | cygnet | swan | ugly duckling,4,2
605,0,ğŸ¦‰,bird | owl | wise,4,2
606,0,ğŸ¦¤,dodo | extinction | large | Mauritius,4,2
607,0,ğŸª¶,bird | feather | flight | light | plumage,4,2
608,0,ğŸ¦©,flamboyant | flamingo | tropical,3,2
609,0,ğŸ¦š,bird | ostentatious | peacock| peahen | proud,2,2
610,0,ğŸ¦œ,bird | parrot | pirate | talk,2,2
611,0,ğŸ¸,face | frog,2,2
612,0,ğŸŠ,crocodile,2,2
613,0,ğŸ¢,terrapin | tortoise | turtle,2,2
614,0,ğŸ¦,lizard | reptile,2,2
615,0,ğŸ,bearer | Ophiuchus | serpent | snake | zodiac,2,2
616,0,ğŸ²,dragon | face | fairy tale,2,2
617,0,ğŸ‰,dragon | fairy tale,2,2
618,0,ğŸ¦•,brachiosaurus | brontosaurus | diplodocus | sauropod,4,2
619,0,ğŸ¦–,T-Rex | Tyrannosaurus Rex,2,2
620,0,ğŸ³,face | spouting | whale,4,2
621,0,ğŸ‹,whale,4,2
622,0,ğŸ¬,dolphin | flipper,4,2
623,0,ğŸ¦­,sea lion | seal,4,2
624,0,ğŸŸ,fish | Pisces | zodiac,4,2
625,0,ğŸ ,fish | tropical,4,2
626,0,ğŸ¡,blowfish | fish,4,2
627,0,ğŸ¦ˆ,fish | shark,4,2
628,0,ğŸ™,octopus,3,2
629,0,ğŸš,shell | spiral,4,2
630,0,ğŸª¸,ocean | reef,4,2
631,0,ğŸŒ,snail,4,2
632,0,ğŸ¦‹,butterfly | insect | pretty,4,2
633,0,ğŸ›,bug | insect,2,2
634,0,ğŸœ,ant | insect,4,2
635,0,ğŸ,bee | honeybee | insect,4,2
636,0,ğŸª²,beetle | bug | insect,2,2
637,0,ğŸ,beetle | insect | lady beetle | ladybird | ladybug,4,2
638,0,ğŸ¦—,cricket | grasshopper | Orthoptera,4,2
639,0,ğŸª³,cockroach | insect | pest | roach,4,2
640,0,ğŸ•·,insect | spider,4,2
641,0,ğŸ•¸,spider | web,4,2
642,0,ğŸ¦‚,scorpio | Scorpio | scorpion | zodiac,4,2
643,0,ğŸ¦Ÿ,disease | fever | malaria | mosquito | pest | virus,4,2
644,0,ğŸª°,disease | fly | maggot | pest | rotting,4,2
645,0,ğŸª±,annelid | earthworm | parasite | worm,3,2
646,0,ğŸ¦ ,amoeba | bacteria | microbe | virus,2,2
647,0,ğŸ’,bouquet | flower,3,2
648,0,ğŸŒ¸,blossom | cherry | flower,3,2
649,0,ğŸ’®,flower | white flower,3,2
650,0,ğŸª·,Buddhism| flower | Hinduism | India | purity | Vietnam,4,2
651,0,ğŸµ,plant | rosette,4,2
652,0,ğŸŒ¹,flower | rose,3,2
653,0,ğŸ¥€,flower | wilted,3,2
654,0,ğŸŒº,flower | hibiscus,3,2
655,0,ğŸŒ»,flower | sun | sunflower,1,2
656,0,ğŸŒ¼,blossom | flower,1,2
657,0,ğŸŒ·,flower | tulip,3,2
658,0,ğŸŒ±,seedling | young,2,2
659,0,ğŸª´,boring | grow | house | nurturing | plant | potted plant | useless,2,2
660,0,ğŸŒ²,evergreen tree | tree,2,2
661,0,ğŸŒ³,deciduous | shedding | tree,2,2
662,0,ğŸŒ´,palm | tree,2,2
663,0,ğŸŒµ,cactus | plant,2,2
664,0,ğŸŒ¾,ear | grain | rice | sheaf of rice,2,2
665,0,ğŸŒ¿,herb | leaf,2,2
666,0,â˜˜,plant | shamrock,4,2
667,0,ğŸ€,4 | clover | four | four-leaf clover | leaf,2,2
668,0,ğŸ,falling | leaf | maple,4,2
669,0,ğŸ‚,fallen leaf | falling | leaf,4,2
670,0,ğŸƒ,blow | flutter | leaf | leaffluttering in wind | wind,2,2
671,0,ğŸª¹,nesting,4,2
672,0,ğŸªº,nesting,4,2
673,0,ğŸ‡,fruit | grape | grapes,4,3
674,0,ğŸˆ,fruit | melon,2,3
675,0,ğŸ‰,fruit | watermelon,3,3
676,0,ğŸŠ,fruit | orange | tangerine,3,3
677,0,ğŸ‹,citrus | fruit | lemon,1,3
678,0,ğŸŒ,banana | fruit,1,3
679,0,ğŸ,fruit | pineapple,3,3
680,0,ğŸ¥­,fruit | mango | tropical,2,3
681,0,ğŸ,apple | fruit | red,3,3
682,0,ğŸ,apple | fruit | green,2,3
683,0,ğŸ,fruit | pear,2,3
684,0,ğŸ‘,fruit | peach,3,3
685,0,ğŸ’,berries | cherries | cherry | fruit | red,3,3
686,0,ğŸ“,berry | fruit | strawberry,3,3
687,0,ğŸ«,berry | bilberry | blue | blueberries | blueberry,4,3
688,0,ğŸ¥,food | fruit | kiwi,2,3
689,0,ğŸ…,fruit | tomato | vegetable,3,3
690,0,ğŸ«’,food | olive,2,3
691,0,ğŸ¥¥,coconut | palm | piÃ±a colada,4,3
692,0,ğŸ¥‘,avocado | food | fruit,4,3
693,0,ğŸ†,aubergine | eggplant | vegetable,4,3
694,0,ğŸ¥”,food | potato | vegetable,4,3
695,0,ğŸ¥•,carrot | food | vegetable,3,3
696,0,ğŸŒ½,corn | ear | ear of corn | maize | maze,4,3
697,0,ğŸŒ¶,hot | pepper,3,3
698,0,ğŸ«‘,bell pepper | capsicum | pepper | vegetable,2,3
699,0,ğŸ¥’,cucumber | food | pickle | vegetable,2,3
700,0,ğŸ¥¬,bok choy | cabbage | kale | leafy green | lettuce,2,3
701,0,ğŸ¥¦,broccoli | wild cabbage,2,3
702,0,ğŸ§„,flavoring | garlic,4,3
703,0,ğŸ§…,flavoring | onion,4,3
704,0,ğŸ„,mushroom | toadstool,4,3
705,0,ğŸ¥œ,food | nut | peanut | peanuts | vegetable,4,3
706,0,ğŸ«˜,food | kidney | legume,4,3
707,0,ğŸŒ°,chestnut | plant,4,3
708,0,ğŸ,bread | loaf,4,3
709,0,ğŸ¥,bread | breakfast | croissant | food | french | roll,4,3
710,0,ğŸ¥–,baguette | bread| food | french,4,3
711,0,ğŸ«“,arepa | flatbread | lavash | naan | pita,4,3
712,0,ğŸ¥¨,pretzel | twisted | convoluted,4,3
713,0,ğŸ¥¯,bagel | bakery | breakfast | schmear,4,3
714,0,ğŸ¥,breakfast | crÃªpe | food | hotcake | pancake | pancakes,4,3
715,0,ğŸ§‡,breakfast | indecisive| iron | waffle,4,3
716,0,ğŸ§€,cheese | cheese wedge,4,3
717,0,ğŸ–,bone | meat | meat on bone,4,3
718,0,ğŸ—,bone | chicken | drumstick | leg | poultry,4,3
719,0,ğŸ¥©,chop | cut of meat | lambchop | porkchop | steak,4,3
720,0,ğŸ¥“,bacon | breakfast | food | meat,4,3
721,0,ğŸ”,burger | hamburger,4,3
722,0,ğŸŸ,french | fries,4,3
723,0,ğŸ•,cheese | pizza | slice,4,3
724,0,ğŸŒ­,frankfurter | hot dog | hotdog | sausage,4,3
725,0,ğŸ¥ª,bread | sandwich,4,3
726,0,ğŸŒ®,mexican | taco,4,3
727,0,ğŸŒ¯,burrito | mexican | wrap,4,3
728,0,ğŸ«”,mexican | tamale | wrapped,4,3
729,0,ğŸ¥™,falafel | flatbread | food | gyro | kebab | stuffed,4,3
730,0,ğŸ§†,chickpea | falafel | meatball,4,3
731,0,ğŸ¥š,breakfast | egg | food,4,3
732,0,ğŸ³,breakfast | cooking | egg | frying | pan,4,3
733,0,ğŸ¥˜,casserole | food | paella | pan | shallow | shallow pan of food,4,3
734,0,ğŸ²,pot | pot of food | stew,4,3
735,0,ğŸ«•,cheese | chocolate | fondue | melted | pot | Swiss,4,3
736,0,ğŸ¥£,bowl with spoon | breakfast | cereal | congee | oatmeal | porridge,4,3
737,0,ğŸ¥—,food | green | salad,2,3
738,0,ğŸ¿,popcorn,4,3
739,0,ğŸ§ˆ,butter | dairy,4,3
740,0,ğŸ§‚,condiment | salt | shaker,4,3
741,0,ğŸ¥«,can | canned food,4,3
742,0,ğŸ±,bento | box,4,3
743,0,ğŸ˜,cracker | rice,4,3
744,0,ğŸ™,ball | Japanese | rice,4,3
745,0,ğŸš,cooked | rice,4,3
746,0,ğŸ›,curry | rice,4,3
747,0,ğŸœ,bowl | noodle | ramen | steaming,4,3
748,0,ğŸ,pasta | spaghetti,4,3
749,0,ğŸ ,potato | roasted | sweet,4,3
750,0,ğŸ¢,kebab | oden | seafood | skewer | stick,4,3
751,0,ğŸ£,sushi,4,3
752,0,ğŸ¤,fried | prawn | shrimp | tempura,4,3
753,0,ğŸ¥,cake | fish | fish cake with swirl | pastry | swirl,4,3
754,0,ğŸ¥®,autumn | festival | moon cake | yuÃ¨bÇng,4,3
755,0,ğŸ¡,dango | dessert | Japanese | skewer | stick | sweet,4,3
756,0,ğŸ¥Ÿ,dumpling | empanada | gyÅza | jiaozi | pierogi | potsticker,4,3
757,0,ğŸ¥ ,fortune cookie | prophecy,4,3
758,0,ğŸ¥¡,oyster pail | takeout box,4,3
759,0,ğŸ¦€,Cancer | crab | zodiac,3,3
760,0,ğŸ¦,bisque | claws | lobster | seafood,3,3
761,0,ğŸ¦,food| shellfish | shrimp | small,3,3
762,0,ğŸ¦‘,food | molusc | squid,3,3
763,0,ğŸ¦ª,diving | oyster | pearl,4,3
764,0,ğŸ¦,cream | dessert | ice | icecream | soft | sweet,4,3
765,0,ğŸ§,dessert | ice | shaved | sweet,4,3
766,0,ğŸ¨,cream | dessert | ice | sweet,4,3
767,0,ğŸ©,breakfast | dessert | donut | doughnut | sweet,4,3
768,0,ğŸª,cookie | dessert| sweet,4,3
769,0,ğŸ‚,birthday | cake | celebration | dessert | pastry | sweet,4,3
770,0,ğŸ°,cake | dessert | pastry | shortcake | slice | sweet,4,3
771,0,ğŸ§,bakery | cupcake | sweet,4,3
772,0,ğŸ¥§,filling | pastry | pie | fruit | meat,4,3
773,0,ğŸ«,bar | chocolate | dessert | sweet,4,3
774,0,ğŸ¬,candy | dessert | sweet,4,3
775,0,ğŸ­,candy | dessert | lollipop | sweet,4,3
776,0,ğŸ®,custard | dessert | pudding | sweet,4,3
777,0,ğŸ¯,honey | honeypot | pot | sweet,4,3
778,0,ğŸ¼,baby | bottle | drink | milk,4,3
779,0,ğŸ¥›,drink | glass | glass of milk | milk,4,3
780,0,â˜•,beverage | coffee | drink | hot | steaming | tea,4,3
781,0,ğŸ«–,drink | pot | tea | teapot,4,3
782,0,ğŸµ,beverage | cup | drink | tea | teacup | teacup without handle,4,3
783,0,ğŸ¶,bar | beverage | bottle | cup | drink | sake,4,3
784,0,ğŸ¾,bar | bottle | bottle with popping cork | cork | drink | popping,4,3
785,0,ğŸ·,bar | beverage | drink | glass | wine,4,3
786,0,ğŸ¸,bar | cocktail| drink | glass,4,3
787,0,ğŸ¹,bar | drink | tropical,4,3
788,0,ğŸº,bar | beer | drink | mug,4,3
789,0,ğŸ»,bar | beer | clink | clinking beer mugs | drink | mug,4,3
790,0,ğŸ¥‚,celebrate | clink | clinking glasses | drink | glass,4,3
791,0,ğŸ¥ƒ,glass | liquor | shot | tumbler | whisky,4,3
792,0,ğŸ«—,drink | empty | glass | spill,4,3
793,0,ğŸ¥¤,cup with straw | juice | soda | malt | soft drink | water,4,3
794,0,ğŸ§‹,bubble | milk | pearl | tea,4,3
795,0,ğŸ§ƒ,beverage | box | juice | straw | sweet,4,3
796,0,ğŸ§‰,drink | mate,4,3
797,0,ğŸ§Š,cold | ice | ice cube | iceberg,4,3
798,0,ğŸ¥¢,chopsticks | hashi | jeotgarak | kuaizi,4,3
799,0,ğŸ½,cooking | fork | fork and knife with plate | knife | plate,4,3
800,0,ğŸ´,cooking | cutlery | fork | fork and knife| knife,4,3
801,0,ğŸ¥„,spoon | tableware,4,3
802,0,ğŸ”ª,cooking | hocho | kitchen knife| knife | tool | weapon,4,3
803,0,ğŸ«™,condiment | container | empty | sauce | store,4,3
804,0,ğŸº,amphora | Aquarius | cooking | drink | jug | zodiac,4,3
805,0,ğŸŒ,Africa| earth | Europe | globe | globe showing Europe-Africa | world,4,4
806,0,ğŸŒ,Americas | earth | globe | globe showing Americas | world,4,4
807,0,ğŸŒ,Asia | Australia | earth | globe | globe showing Asia-Australia | world,4,4
808,0,ğŸŒ,earth | globe | globewith meridians | meridians | world,4,4
809,0,ğŸ—º,map | world,4,4
810,0,ğŸ—¾,Japan | map | map of Japan,4,4
811,0,ğŸ§­,compass | magnetic | navigation | orienteering,4,4
812,0,ğŸ”,cold | mountain | snow | snow-capped mountain,4,4
813,0,â›°,mountain,4,4
814,0,ğŸŒ‹,eruption | mountain | volcano,4,4
815,0,ğŸ—»,fuji | mount fuji | mountain,4,4
816,0,ğŸ•,camping,4,4
817,0,ğŸ–,beach | beach with umbrella | umbrella,4,4
818,0,ğŸœ,desert,4,4
819,0,ğŸ,desert | island,4,4
820,0,ğŸ,national park | park,4,4
821,0,ğŸŸ,stadium,4,4
822,0,ğŸ›,classical | classicalbuilding,4,4
823,0,ğŸ—,building construction | construction,4,4
824,0,ğŸ§±,brick| bricks | clay | mortar | wall,4,4
825,0,ğŸª¨,boulder | heavy | rock | solid | stone,4,4
826,0,ğŸªµ,log | lumber | timber | wood,4,4
827,0,ğŸ›–,house | hut | roundhouse | yurt,4,4
828,0,ğŸ˜,houses,4,4
829,0,ğŸš,derelict | house,4,4
830,0,ğŸ ,home | house,4,4
831,0,ğŸ¡,garden | home | house | house with garden,4,4
832,0,ğŸ¢,building | office building,4,4
833,0,ğŸ£,Japanese | Japanese post office | post,4,4
834,0,ğŸ¤,European | post | post office,4,4
835,0,ğŸ¥,doctor | hospital | medicine,4,4
836,0,ğŸ¦,bank| building,4,4
837,0,ğŸ¨,building | hotel,4,4
838,0,ğŸ©,hotel | love,4,4
839,0,ğŸª,convenience | store,4,4
840,0,ğŸ«,building | school,4,4
841,0,ğŸ¬,department | store,4,4
842,0,ğŸ­,building | factory,4,4
843,0,ğŸ¯,castle| Japanese,4,4
844,0,ğŸ°,castle | European,4,4
845,0,ğŸ’’,chapel | romance | wedding,4,4
846,0,ğŸ—¼,Tokyo | tower,4,4
847,0,ğŸ—½,liberty | statue | Statue ofLiberty,4,4
848,0,â›ª,Christian | church | cross | religion,4,4
849,0,ğŸ•Œ,islam | mosque | Muslim | religion,4,4
850,0,ğŸ›•,hindu | temple,4,4
851,0,ğŸ•,Jew | Jewish | religion | synagogue | temple,4,4
852,0,â›©,religion | shinto | shrine,4,4
853,0,ğŸ•‹,islam | kaaba | Muslim | religion,4,4
854,0,â›²,fountain,4,4
855,0,â›º,camping | tent,4,4
856,0,ğŸŒ,fog | foggy,4,4
857,0,ğŸŒƒ,night | night with stars | star,4,4
858,0,ğŸ™,city | cityscape,4,4
859,0,ğŸŒ„,morning | mountain | sun | sunrise | sunrise over mountains,4,4
860,0,ğŸŒ…,morning | sun | sunrise,4,4
861,0,ğŸŒ†,city | cityscape at dusk | dusk | evening | landscape | sunset,4,4
862,0,ğŸŒ‡,dusk | sun | sunset,4,4
863,0,ğŸŒ‰,bridge | bridge at night | night,4,4
864,0,â™¨,hot | hotsprings | springs | steaming,4,4
865,0,ğŸ ,carousel | horse,4,4
866,0,ğŸ›,amusementpark | play,4,4
867,0,ğŸ¡,amusement park | ferris | wheel,4,4
868,0,ğŸ¢,amusement park | coaster | roller,4,4
869,0,ğŸ’ˆ,barber | haircut | pole,4,4
870,0,ğŸª,circus | tent,4,4
871,0,ğŸš‚,engine | locomotive | railway | steam | train,4,4
872,0,ğŸšƒ,car | electric | railway | train | tram | trolleybus,4,4
873,0,ğŸš„,high-speedtrain | railway | shinkansen | speed | train,4,4
874,0,ğŸš…,bullet | railway | shinkansen | speed | train,4,4
875,0,ğŸš†,railway | train,4,4
876,0,ğŸš‡,metro | subway,4,4
877,0,ğŸšˆ,light rail | railway,4,4
878,0,ğŸš‰,railway | station | train,4,4
879,0,ğŸšŠ,tram | trolleybus,4,4
880,0,ğŸš,monorail | vehicle,4,4
881,0,ğŸš,car | mountain | railway,4,4
882,0,ğŸš‹,car | tram | trolleybus,4,4
883,0,ğŸšŒ,bus | vehicle,4,4
884,0,ğŸš,bus | oncoming,4,4
885,0,ğŸš,bus | tram | trolley | trolleybus,4,4
886,0,ğŸš,bus | minibus,4,4
887,0,ğŸš‘,ambulance | vehicle,4,4
888,0,ğŸš’,engine | fire | truck,4,4
889,0,ğŸš“,car | patrol | police,4,4
890,0,ğŸš”,car | oncoming | police,4,4
891,0,ğŸš•,taxi | vehicle,4,4
892,0,ğŸš–,oncoming | taxi,4,4
893,0,ğŸš—,automobile | car,4,4
894,0,ğŸš˜,automobile | car | oncoming,4,4
895,0,ğŸš™,recreational | sport utility | sport utility vehicle,4,4
896,0,ğŸ›»,pick-up | pickup | truck,4,4
897,0,ğŸšš,delivery | truck,4,4
898,0,ğŸš›,articulated lorry | lorry | semi | truck,4,4
899,0,ğŸšœ,tractor | vehicle,4,4
900,0,ğŸ,car | racing,4,4
901,0,ğŸ,motorcycle | racing,4,4
902,0,ğŸ›µ,motor | scooter,4,4
903,0,ğŸ¦½,accessibility | manual wheelchair,4,4
904,0,ğŸ¦¼,accessibility | motorized wheelchair,4,4
905,0,ğŸ›º,auto rickshaw | tuk tuk,4,4
906,0,ğŸš²,bicycle | bike,4,4
907,0,ğŸ›´,kick | scooter,4,4
908,0,ğŸ›¹,board | skateboard,4,4
909,0,ğŸ›¼,roller | skate,4,4
910,0,ğŸš,bus | stop,4,4
911,0,ğŸ›£,highway | motorway | road,4,4
912,0,ğŸ›¤,railway | railway track | train,4,4
913,0,ğŸ›¢,drum | oil,4,4
914,0,â›½,diesel | fuel | fuelpump | gas | pump | station,4,4
915,0,ğŸ›,circle | tire | turn,4,4
916,0,ğŸš¨,beacon | car | light | police | revolving,3,4
917,0,ğŸš¥,horizontal traffic light | light | signal | traffic,4,4
918,0,ğŸš¦,light | signal | traffic | vertical traffic light,4,4
919,0,ğŸ›‘,octagonal | sign | stop,3,4
920,0,ğŸš§,barrier | construction,4,4
921,0,âš“,anchor | ship | tool,4,4
922,0,ğŸ›Ÿ,float | life preserver | life saver | rescue | safety,4,4
923,0,â›µ,boat | resort | sailboat | sea | yacht,4,4
924,0,ğŸ›¶,boat | canoe,4,4
925,0,ğŸš¤,boat | speedboat,4,4
926,0,ğŸ›³,passenger | ship,4,4
927,0,â›´,boat | ferry | passenger,4,4
928,0,ğŸ›¥,boat | motor boat | motorboat,4,4
929,0,ğŸš¢,boat | passenger | ship,4,4
930,0,âœˆ,aeroplane | airplane,4,4
931,0,ğŸ›©,aeroplane | airplane | small airplane,4,4
932,0,ğŸ›«,aeroplane | airplane | check-in | departure | departures,4,4
933,0,ğŸ›¬,aeroplane | airplane | airplane arrival | arrivals | arriving | landing,4,4
934,0,ğŸª‚,hang-glide | parachute | parasail | skydive,4,4
935,0,ğŸ’º,chair | seat,4,4
936,0,ğŸš,helicopter | vehicle,4,4
937,0,ğŸšŸ,railway | suspension,4,4
938,0,ğŸš ,cable | gondola | mountain | mountain cableway,4,4
939,0,ğŸš¡,aerial | cable | car | gondola | tramway,4,4
940,0,ğŸ›°,satellite | space,4,4
941,0,ğŸš€,rocket | space,4,4
942,0,ğŸ›¸,flying saucer | UFO,4,4
943,0,ğŸ›,bell | bellhop | hotel,4,4
944,0,ğŸ§³,luggage | packing | travel,4,4
945,0,âŒ›,hourglass done | sand | timer,4,4
946,0,â³,hourglass | hourglass not done | sand | timer,4,4
947,0,âŒš,clock | watch,4,4
948,0,â°,alarm | clock,4,4
949,0,â±,clock | stopwatch,4,4
950,0,â²,clock | timer,4,4
951,0,ğŸ•°,clock | mantelpiece clock,4,4
952,0,ğŸ•›,00 | 12 | 12:00 | clock | oâ€™clock | twelve,4,4
953,0,ğŸ•§,12 |12:30 | clock | thirty | twelve | twelve-thirty,4,4
954,0,ğŸ•,00 | 1 | 1:00 | clock | oâ€™clock | one,4,4
955,0,ğŸ•œ,1 | 1:30 | clock | one | one-thirty | thirty,4,4
956,0,ğŸ•‘,00 | 2 |2:00 | clock | oâ€™clock | two,4,4
957,0,ğŸ•,2 | 2:30 | clock | thirty | two | two-thirty,4,4
958,0,ğŸ•’,00 | 3 | 3:00 | clock | oâ€™clock | three,4,4
959,0,ğŸ•,3 | 3:30 | clock | thirty | three | three-thirty,4,4
960,0,ğŸ•“,00 | 4 | 4:00 | clock | four | oâ€™clock,4,4
961,0,ğŸ•Ÿ,4 | 4:30 | clock | four | four-thirty | thirty,4,4
962,0,ğŸ•”,00 | 5| 5:00 | clock | five | oâ€™clock,4,4
963,0,ğŸ• ,5 | 5:30 | clock | five | five-thirty | thirty,4,4
964,0,ğŸ••,00 | 6 | 6:00 | clock | oâ€™clock | six,4,4
965,0,ğŸ•¡,6 | 6:30 | clock | six | six-thirty | thirty,4,4
966,0,ğŸ•–,00 | 7 | 7:00 | clock | oâ€™clock | seven,4,4
967,0,ğŸ•¢,7 | 7:30 | clock | seven | seven-thirty | thirty,4,4
968,0,ğŸ•—,00 | 8 | 8:00 | clock | eight | oâ€™clock,4,4
969,0,ğŸ•£,8 | 8:30 | clock | eight | eight-thirty | thirty,4,4
970,0,ğŸ•˜,00 | 9 | 9:00 | clock | nine | oâ€™clock,4,4
971,0,ğŸ•¤,9 | 9:30 | clock | nine | nine-thirty | thirty,4,4
972,0,ğŸ•™,00 | 10 | 10:00 | clock | oâ€™clock | ten,4,4
973,0,ğŸ•¥,10 | 10:30 | clock | ten | ten-thirty | thirty,4,4
974,0,ğŸ•š,00 |11 | 11:00 | clock | eleven | oâ€™clock,4,4
975,0,ğŸ•¦,11 | 11:30 | clock | eleven | eleven-thirty | thirty,4,4
976,0,ğŸŒ‘,dark | moon | new moon,4,4
977,0,ğŸŒ’,crescent | moon | waxing,4,4
978,0,ğŸŒ“,first quarter moon | moon | quarter,4,4
979,0,ğŸŒ”,gibbous | moon | waxing,4,4
980,0,ğŸŒ•,full | moon,4,4
981,0,ğŸŒ–,gibbous | moon | waning,4,4
982,0,ğŸŒ—,last quarter moon | moon | quarter,4,4
983,0,ğŸŒ˜,crescent | moon | waning,4,4
984,0,ğŸŒ™,crescent | moon,4,4
985,0,ğŸŒš,face | moon | new moon face,4,4
986,0,ğŸŒ›,face | first quarter moonface | moon | quarter,1,4
987,0,ğŸŒœ,face | last quarter moon face | moon | quarter,1,4
988,0,ğŸŒ¡,thermometer | weather,3,4
989,0,â˜€,bright | rays | sun | sunny,4,4
990,0,ğŸŒ,bright | face | full | moon,1,4
991,0,ğŸŒ,bright | face | sun | sun with face,1,4
992,0,ğŸª,ringed planet | saturn | saturnine,1,4
993,0,â­,star,1,4
994,0,ğŸŒŸ,glittery | glow | glowing star | shining | sparkle | star,1,4
995,0,ğŸŒ ,falling | shooting | star,4,4
996,0,ğŸŒŒ,milky way | space,4,4
997,0,â˜,cloud | weather,4,4
998,0,â›…,cloud | sun | sun behind cloud,4,4
999,0,â›ˆ,cloud | cloud with lightning and rain | rain | thunder,4,4
1000,0,ğŸŒ¤,cloud | sun | sunbehind small cloud,4,4
1001,0,ğŸŒ¥,cloud | sun | sun behind large cloud,4,4
1002,0,ğŸŒ¦,cloud | rain | sun | sun behind rain cloud,4,4
1003,0,ğŸŒ§,cloud | cloud withrain | rain,4,4
1004,0,ğŸŒ¨,cloud | cloud with snow | cold | snow,4,4
1005,0,ğŸŒ©,cloud | cloud with lightning | lightning,4,4
1006,0,ğŸŒª,cloud | tornado | whirlwind,4,4
1007,0,ğŸŒ«,cloud | fog,4,4
1008,0,ğŸŒ¬,blow | cloud | face | wind,4,4
1009,0,ğŸŒ€,cyclone | dizzy | hurricane | twister | typhoon,4,4
1010,0,ğŸŒˆ,rain | rainbow,4,4
1011,0,ğŸŒ‚,closed umbrella | clothing | rain | umbrella,4,4
1012,0,â˜‚,clothing | rain | umbrella,4,4
1013,0,â˜”,clothing | drop | rain | umbrella | umbrella with rain drops,4,4
1014,0,â›±,rain | sun | umbrella | umbrella on ground,4,4
1015,0,âš¡,danger | electric | high voltage | lightning | voltage | zap,1,4
1016,0,â„,cold | snow | snowflake,4,4
1017,0,â˜ƒ,cold | snow | snowman,4,4
1018,0,â›„,cold | snow | snowman | snowman without snow,4,4
1019,0,â˜„,comet | space,4,4
1020,0,ğŸ”¥,fire | flame | tool,3,4
1021,0,ğŸ’§,cold | comic | drop | droplet | sweat,4,4
1022,0,ğŸŒŠ,ocean | water | wave,4,4
1023,0,ğŸƒ,celebration | halloween | jack | jack-o-lantern | lantern,3,5
1024,0,ğŸ„,celebration | Christmas | tree,2,5
1025,0,ğŸ†,celebration | fireworks,4,5
1026,0,ğŸ‡,celebration | fireworks | sparkle | sparkler,4,5
1027,0,ğŸ§¨,dynamite | explosive | firecracker | fireworks,3,5
1028,0,âœ¨,* | sparkle | sparkles | star,1,5
1029,0,ğŸˆ,balloon | celebration,4,5
1030,0,ğŸ‰,celebration | party | popper | tada,1,5
1031,0,ğŸŠ,ball | celebration | confetti,1,5
1032,0,ğŸ‹,banner | celebration | Japanese | tanabata tree | tree,4,5
1033,0,ğŸ,bamboo | celebration | Japanese | pine | pine decoration,4,5
1034,0,ğŸ,celebration | doll | festival | Japanese | Japanese dolls,4,5
1035,0,ğŸ,carp | celebration | streamer,4,5
1036,0,ğŸ,bell | celebration | chime | wind,4,5
1037,0,ğŸ‘,celebration| ceremony | moon | moon viewing ceremony,4,5
1038,0,ğŸ§§,gift | good luck | hÃ³ngbÄo | lai see | money| red envelope,3,5
1039,0,ğŸ€,celebration | ribbon,4,5
1040,0,ğŸ,box | celebration | gift | present | wrapped,4,5
1041,0,ğŸ—,celebration | reminder | ribbon,4,5
1042,0,ğŸŸ,admission | admission tickets | ticket,4,5
1043,0,ğŸ«,admission | ticket,4,5
1044,0,ğŸ–,celebration | medal | military,1,5
1045,0,ğŸ†,prize | trophy,1,5
1046,0,ğŸ…,medal | sports medal,1,5
1047,0,ğŸ¥‡,1st place medal | first | gold | medal,1,5
1048,0,ğŸ¥ˆ,2nd place medal | medal | second | silver,4,5
1049,0,ğŸ¥‰,3rdplace medal | bronze | medal | third,4,5
1050,0,âš½,ball | football | soccer,4,5
1051,0,âš¾,ball | baseball,4,5
1052,0,ğŸ¥,ball | glove | softball | underarm,4,5
1053,0,ğŸ€,ball | basketball | hoop,4,5
1054,0,ğŸ,ball | game | volleyball,4,5
1055,0,ğŸˆ,american | ball | football,4,5
1056,0,ğŸ‰,ball | football | rugby,4,5
1057,0,ğŸ¾,ball | racquet | tennis,4,5
1058,0,ğŸ¥,flying disc | ultimate,4,5
1059,0,ğŸ³,ball | bowling | game,4,5
1060,0,ğŸ,ball | bat | cricket game | game,4,5
1061,0,ğŸ‘,ball | field | game | hockey | stick,4,5
1062,0,ğŸ’,game | hockey | ice | puck | stick,4,5
1063,0,ğŸ¥,ball | goal | lacrosse | stick,4,5
1064,0,ğŸ“,ball | bat | game | paddle | ping pong | table tennis,4,5
1065,0,ğŸ¸,badminton | birdie | game | racquet | shuttlecock,4,5
1066,0,ğŸ¥Š,boxing | glove,4,5
1067,0,ğŸ¥‹,judo | karate | martial arts | martial arts uniform | taekwondo | uniform,4,5
1068,0,ğŸ¥…,goal | net,4,5
1069,0,â›³,flag in hole | golf | hole,4,5
1070,0,â›¸,ice | skate,4,5
1071,0,ğŸ£,fish | fishing pole | pole,4,5
1072,0,ğŸ¤¿,diving | diving mask | scuba | snorkeling,4,5
1073,0,ğŸ½,athletics | running | sash | shirt,4,5
1074,0,ğŸ¿,ski | skis | snow,4,5
1075,0,ğŸ›·,sled | sledge | sleigh | luge | toboggan,4,5
1076,0,ğŸ¥Œ,curling stone | game | rock,4,5
1077,0,ğŸ¯,bullseye | dart | direct hit | game | hit | target,4,5
1078,0,ğŸª€,fluctuate | toy | yo-yo,4,5
1079,0,ğŸª,fly | kite | soar,4,5
1080,0,ğŸ±,8 | ball | billiard | eight | game | pool 8ball,4,5
1081,0,ğŸ”®,ball | crystal | fairy tale | fantasy | fortune | tool,4,5
1082,0,ğŸª„,magic | magic wand | witch | wizard,4,5
1083,0,ğŸ§¿,bead | charm | evil-eye | nazar | nazaramulet | talisman,4,5
1084,0,ğŸª¬,amulet | Fatima | hand | Mary | Miriam | protection,4,5
1085,0,ğŸ®,controller | game | video game,4,5
1086,0,ğŸ•¹,game | joystick | video game,4,5
1087,0,ğŸ°,game | slot | slot machine,4,5
1088,0,ğŸ²,dice | die | game,4,5
1089,0,ğŸ§©,clue | interlocking | jigsaw | piece | puzzle,4,5
1090,0,ğŸ§¸,plaything | plush | stuffed | teddy bear | toy,4,5
1091,0,ğŸª…,celebration | party | piÃ±ata,4,5
1092,0,ğŸª©,dance | disco| glitter | party,4,5
1093,0,ğŸª†,doll | nesting | nesting dolls | russia,4,5
1094,0,â™ ,card | game | spade suit,4,5
1095,0,â™¥,card | game | heart suit,4,5
1096,0,â™¦,card | diamond suit | game,4,5
1097,0,â™£,card | club suit | game,4,5
1098,0,â™Ÿ,chess | chesspawn | dupe | expendable,4,5
1099,0,ğŸƒ,card | game | joker | wildcard,4,5
1100,0,ğŸ€„,game | mahjong | mahjong red dragon | red,4,5
1101,0,ğŸ´,card | flower | flowerplaying cards | game | Japanese | playing,4,5
1102,0,ğŸ­,art | mask | performing | performing arts| theater | theatre,4,5
1103,0,ğŸ–¼,art | frame | framed picture | museum | painting | picture,4,5
1104,0,ğŸ¨,art | artist palette | museum | painting | palette,4,5
1105,0,ğŸ§µ,needle| sewing | spool | string | thread,4,5
1106,0,ğŸª¡,embroidery | needle | sewing | stitches | sutures | tailoring,4,5
1107,0,ğŸ§¶,ball | crochet | knit | yarn,4,5
1108,0,ğŸª¢,knot | rope | tangled | tie | twine | twist,4,5
1109,0,ğŸ‘“,clothing | eye | eyeglasses | eyewear | glasses,4,6
1110,0,ğŸ•¶,dark | eye | eyewear | glasses | sunglasses,4,6
1111,0,ğŸ¥½,eye protection | goggles | swimming | welding,4,6
1112,0,ğŸ¥¼,doctor | experiment | lab coat | scientist,4,6
1113,0,ğŸ¦º,emergency | safety | vest,4,6
1114,0,ğŸ‘”,clothing | necktie | tie,4,6
1115,0,ğŸ‘•,clothing | shirt | t-shirt | tshirt,4,6
1116,0,ğŸ‘–,clothing | jeans | pants | trousers,4,6
1117,0,ğŸ§£,neck | scarf,4,6
1118,0,ğŸ§¤,gloves | hand,4,6
1119,0,ğŸ§¥,coat | jacket,4,6
1120,0,ğŸ§¦,socks | stocking,4,6
1121,0,ğŸ‘—,clothing | dress,4,6
1122,0,ğŸ‘˜,clothing | kimono,4,6
1123,0,ğŸ¥»,clothing | dress | sari,4,6
1124,0,ğŸ©±,bathing suit | one-piece swimsuit,4,6
1125,0,ğŸ©²,bathing suit | briefs | one-piece | swimsuit | underwear,4,6
1126,0,ğŸ©³,bathingsuit | pants | shorts | underwear,4,6
1127,0,ğŸ‘™,bikini | clothing | swim,4,6
1128,0,ğŸ‘š,clothing | woman | womanâ€™s clothes,4,6
1129,0,ğŸ‘›,clothing | coin | purse,4,6
1130,0,ğŸ‘œ,bag | clothing | handbag | purse,4,6
1131,0,ğŸ‘,bag | clothing | clutch bag | pouch,4,6
1132,0,ğŸ›,bag | hotel | shopping | shopping bags,4,6
1133,0,ğŸ’,backpack | bag | rucksack | satchel | school,4,6
1134,0,ğŸ©´,beach sandals | sandals | thong sandal | thong sandals | thongs | zÅri,4,6
1135,0,ğŸ‘,clothing | man | manâ€™s shoe | shoe,4,6
1136,0,ğŸ‘Ÿ,athletic | clothing | running shoe | shoe | sneaker,4,6
1137,0,ğŸ¥¾,backpacking | boot | camping | hiking,4,6
1138,0,ğŸ¥¿,ballet flat | flat shoe | slip-on | slipper,4,6
1139,0,ğŸ‘ ,clothing | heel | high-heeled shoe | shoe | woman,4,6
1140,0,ğŸ‘¡,clothing | sandal | shoe | woman| womanâ€™s sandal,4,6
1141,0,ğŸ©°,ballet | ballet shoes | dance,4,6
1142,0,ğŸ‘¢,boot| clothing | shoe | woman | womanâ€™s boot,4,6
1143,0,ğŸ‘‘,clothing | crown | king | queen,4,6
1144,0,ğŸ‘’,clothing | hat | woman | womanâ€™s hat,4,6
1145,0,ğŸ©,clothing | hat | top | tophat,4,6
1146,0,ğŸ“,cap | celebration | clothing | graduation | hat,4,6
1147,0,ğŸ§¢,baseball cap | billed cap,4,6
1148,0,ğŸª–,army | helmet | military | soldier | warrior,4,6
1149,0,â›‘,aid | cross | face | hat | helmet | rescue workerâ€™s helmet,3,6
1150,0,ğŸ“¿,beads | clothing | necklace | prayer | religion,4,6
1151,0,ğŸ’„,cosmetics | lipstick | makeup,3,6
1152,0,ğŸ’,diamond | ring,4,6
1153,0,ğŸ’,diamond | gem | gem stone | jewel,4,6
1154,0,ğŸ”‡,mute | muted speaker | quiet | silent | speaker,4,6
1155,0,ğŸ”ˆ,soft | speaker low volume,4,6
1156,0,ğŸ”‰,medium | speaker medium volume,4,6
1157,0,ğŸ”Š,loud | speaker high volume,4,6
1158,0,ğŸ“¢,loud | loudspeaker | public address,4,6
1159,0,ğŸ“£,cheering | megaphone,1,6
1160,0,ğŸ“¯,horn | post | postal,1,6
1161,0,ğŸ””,bell,1,6
1162,0,ğŸ”•,bell | bell with slash | forbidden | mute | quiet | silent,1,6
1163,0,ğŸ¼,music | musical score | score,4,6
1164,0,ğŸµ,music | musical note | note,4,6
1165,0,ğŸ¶,music | musical notes | note | notes,4,6
1166,0,ğŸ™,mic | microphone | music | studio,4,6
1167,0,ğŸš,level | music | slider,4,6
1168,0,ğŸ›,control | knobs | music,4,6
1169,0,ğŸ¤,karaoke | mic | microphone,4,6
1170,0,ğŸ§,earbud | headphone,4,6
1171,0,ğŸ“»,radio | video,4,6
1172,0,ğŸ·,instrument | music | sax | saxophone,4,6
1173,0,ğŸª—,accordion | concertina | squeeze box,4,6
1174,0,ğŸ¸,guitar | instrument | music,4,6
1175,0,ğŸ¹,instrument | keyboard | music | musical keyboard | piano,4,6
1176,0,ğŸº,instrument | music | trumpet,4,6
1177,0,ğŸ»,instrument | music | violin,4,6
1178,0,ğŸª•,banjo | music | stringed,4,6
1179,0,ğŸ¥,drum | drumsticks | music,4,6
1180,0,ğŸª˜,beat | conga | drum | long drum | rhythm,4,6
1181,0,ğŸ“±,cell | mobile | phone | telephone,4,6
1182,0,ğŸ“²,arrow | cell | mobile | mobile phone with arrow | phone | receive,4,6
1183,0,â˜,phone | telephone,4,6
1184,0,ğŸ“,phone | receiver | telephone,4,6
1185,0,ğŸ“Ÿ,pager,4,6
1186,0,ğŸ“ ,fax | fax machine,4,6
1187,0,ğŸ”‹,battery,2,6
1188,0,ğŸª«,electronic | low energy,4,6
1189,0,ğŸ”Œ,electric | electricity | plug,4,6
1190,0,ğŸ’»,computer | laptop | pc | personal,4,6
1191,0,ğŸ–¥,computer | desktop,4,6
1192,0,ğŸ–¨,computer | printer,4,6
1193,0,âŒ¨,computer | keyboard,4,6
1194,0,ğŸ–±,computer | computer mouse,4,6
1195,0,ğŸ–²,computer | trackball,4,6
1196,0,ğŸ’½,computer | disk | minidisk | optical,4,6
1197,0,ğŸ’¾,computer | disk | floppy,4,6
1198,0,ğŸ’¿,cd | computer | disk | optical,4,6
1199,0,ğŸ“€,blu-ray | computer | disk | dvd | optical,4,6
1200,0,ğŸ§®,abacus | calculation,4,6
1201,0,ğŸ¥,camera | cinema | movie,4,6
1202,0,ğŸ,cinema | film | frames | movie,4,6
1203,0,ğŸ“½,cinema | film | movie | projector | video,4,6
1204,0,ğŸ¬,clapper | clapper board | movie,4,6
1205,0,ğŸ“º,television | tv | video,4,6
1206,0,ğŸ“·,camera | video,4,6
1207,0,ğŸ“¸,camera | camera with flash | flash | video,4,6
1208,0,ğŸ“¹,camera | video,4,6
1209,0,ğŸ“¼,tape | vhs | video | videocassette,4,6
1210,0,ğŸ”,glass | magnifying | magnifying glass tilted left | search | tool,4,6
1211,0,ğŸ”,glass | magnifying | magnifying glass tilted right | search | tool,4,6
1212,0,ğŸ•¯,candle | light,4,6
1213,0,ğŸ’¡,bulb | comic | electric | idea | light,4,6
1214,0,ğŸ”¦,electric | flashlight | light | tool | torch,4,6
1215,0,ğŸ®,bar | lantern | light | red | red paperlantern,3,6
1216,0,ğŸª”,diya | lamp | oil,4,6
1217,0,ğŸ“”,book | cover | decorated | notebook | notebook with decorative cover,4,6
1218,0,ğŸ“•,book | closed,4,6
1219,0,ğŸ“–,book | open,4,6
1220,0,ğŸ“—,book | green,4,6
1221,0,ğŸ“˜,blue | book,4,6
1222,0,ğŸ“™,book | orange,4,6
1223,0,ğŸ“š,book | books,4,6
1224,0,ğŸ““,notebook,4,6
1225,0,ğŸ“’,ledger | notebook,4,6
1226,0,ğŸ“ƒ,curl | document| page | page with curl,4,6
1227,0,ğŸ“œ,paper | scroll,4,6
1228,0,ğŸ“„,document | page | page facing up,4,6
1229,0,ğŸ“°,news | newspaper | paper,4,6
1230,0,ğŸ—,news | newspaper | paper | rolled | rolled-up newspaper,4,6
1231,0,ğŸ“‘,bookmark | mark | marker | tabs,4,6
1232,0,ğŸ”–,bookmark | mark,4,6
1233,0,ğŸ·,label,4,6
1234,0,ğŸ’°,bag | dollar| money | moneybag,4,6
1235,0,ğŸª™,coin | gold | metal | money | silver | treasure,4,6
1236,0,ğŸ’´,banknote | bill | currency | money | note | yen,4,6
1237,0,ğŸ’µ,banknote | bill | currency | dollar | money | note,4,6
1238,0,ğŸ’¶,banknote | bill | currency | euro | money | note,4,6
1239,0,ğŸ’·,banknote | bill | currency | money | note | pound,4,6
1240,0,ğŸ’¸,banknote | bill | fly | money | money with wings | wings,4,6
1241,0,ğŸ’³,card | credit | money,4,6
1242,0,ğŸ§¾,accounting | bookkeeping | evidence | proof | receipt,4,6
1243,0,ğŸ’¹,chart | chart increasing with yen | graph | growth | money | yen,2,6
1244,0,âœ‰,email | envelope | letter,4,6
1245,0,ğŸ“§,e-mail | email | letter | mail,4,6
1246,0,ğŸ“¨,e-mail | email | envelope | incoming | letter | receive,4,6
1247,0,ğŸ“©,arrow | e-mail | email | envelope | envelope with arrow | outgoing,4,6
1248,0,ğŸ“¤,box | letter | mail | outbox| sent | tray,4,6
1249,0,ğŸ“¥,box | inbox | letter | mail | receive | tray,4,6
1250,0,ğŸ“¦,box | package | parcel,4,6
1251,0,ğŸ“«,closed | closed mailbox with raised flag | mail | mailbox | postbox,4,6
1252,0,ğŸ“ª,closed | closed mailbox with lowered flag| lowered | mail | mailbox | postbox,4,6
1253,0,ğŸ“¬,mail | mailbox | open | openmailbox with raised flag | postbox,4,6
1254,0,ğŸ“­,lowered | mail | mailbox | open | open mailbox with lowered flag | postbox,4,6
1255,0,ğŸ“®,mail | mailbox | postbox,3,6
1256,0,ğŸ—³,ballot | ballot box with ballot | box,4,6
1257,0,âœ,pencil,4,6
1258,0,âœ’,black nib | nib | pen,4,6
1259,0,ğŸ–‹,fountain | pen,4,6
1260,0,ğŸ–Š,ballpoint | pen,4,6
1261,0,ğŸ–Œ,paintbrush | painting,4,6
1262,0,ğŸ–,crayon,4,6
1263,0,ğŸ“,memo | pencil,4,6
1264,0,ğŸ’¼,briefcase,4,6
1265,0,ğŸ“,file | folder,4,6
1266,0,ğŸ“‚,file | folder | open,4,6
1267,0,ğŸ—‚,card | dividers | index,4,6
1268,0,ğŸ“…,calendar | date,4,6
1269,0,ğŸ“†,calendar | tear-off calendar,4,6
1270,0,ğŸ—’,note | pad | spiral | spiral notepad,4,6
1271,0,ğŸ—“,calendar | pad | spiral,4,6
1272,0,ğŸ“‡,card | index | rolodex,4,6
1273,0,ğŸ“ˆ,chart | chart increasing | graph | growth | trend | upward,4,6
1274,0,ğŸ“‰,chart | chart decreasing | down | graph | trend,4,6
1275,0,ğŸ“Š,bar | chart | graph,4,6
1276,0,ğŸ“‹,clipboard,4,6
1277,0,ğŸ“Œ,pin | pushpin,3,6
1278,0,ğŸ“,pin | pushpin | round pushpin,3,6
1279,0,ğŸ“,paperclip,4,6
1280,0,ğŸ–‡,link | linked paperclips | paperclip,4,6
1281,0,ğŸ“,ruler | straight edge | straight ruler,4,6
1282,0,ğŸ“,ruler | set | triangle | triangular ruler,4,6
1283,0,âœ‚,cutting | scissors | tool,4,6
1284,0,ğŸ—ƒ,box | card | file,4,6
1285,0,ğŸ—„,cabinet | file | filing,4,6
1286,0,ğŸ—‘,wastebasket,4,6
1287,0,ğŸ”’,closed| locked,4,6
1288,0,ğŸ”“,lock | open | unlock | unlocked,4,6
1289,0,ğŸ”,ink | lock | locked with pen | nib | pen | privacy,4,6
1290,0,ğŸ”,closed | key | lock | locked with key | secure,4,6
1291,0,ğŸ”‘,key | lock | password,4,6
1292,0,ğŸ—,clue | key | lock | old,4,6
1293,0,ğŸ”¨,hammer | tool,4,6
1294,0,ğŸª“,axe | chop | hatchet | split | wood,4,6
1295,0,â›,mining | pick | tool,4,6
1296,0,âš’,hammer | hammer and pick | pick | tool,4,6
1297,0,ğŸ› ,hammer | hammer and wrench | spanner | tool | wrench,4,6
1298,0,ğŸ—¡,dagger | knife | weapon,4,6
1299,0,âš”,crossed | swords | weapon,4,6
1300,0,ğŸ”«,gun | handgun | pistol | revolver | tool | water | weapon,4,6
1301,0,ğŸªƒ,australia | boomerang | rebound | repercussion,4,6
1302,0,ğŸ¹,archer | arrow | bow | bow and arrow | Sagittarius | zodiac,4,6
1303,0,ğŸ›¡,shield | weapon,4,6
1304,0,ğŸªš,carpenter | carpentry saw | lumber | saw | tool,4,6
1305,0,ğŸ”§,spanner | tool | wrench,4,6
1306,0,ğŸª›,screw | screwdriver | tool,4,6
1307,0,ğŸ”©,bolt | nut | nut and bolt | tool,4,6
1308,0,âš™,cog | cogwheel | gear | tool,4,6
1309,0,ğŸ—œ,clamp | compress | tool | vice,4,6
1310,0,âš–,balance | justice | Libra | scale | zodiac,4,6
1311,0,ğŸ¦¯,accessibility | blind | white cane,4,6
1312,0,ğŸ”—,link,4,6
1313,0,â›“,chain | chains,4,6
1314,0,ğŸª,catch | crook | curve | ensnare | hook | selling point,4,6
1315,0,ğŸ§°,chest | mechanic | tool | toolbox,3,6
1316,0,ğŸ§²,attraction | horseshoe | magnet | magnetic,3,6
1317,0,ğŸªœ,climb | ladder | rung | step,4,6
1318,0,âš—,alembic | chemistry| tool,4,6
1319,0,ğŸ§ª,chemist | chemistry | experiment | lab | science | test tube,4,6
1320,0,ğŸ§«,bacteria | biologist | biology | culture | lab | petri dish,4,6
1321,0,ğŸ§¬,biologist | dna | evolution | gene | genetics | life,4,6
1322,0,ğŸ”¬,microscope | science | tool,4,6
1323,0,ğŸ”­,science | telescope | tool,4,6
1324,0,ğŸ“¡,antenna | dish | satellite,4,6
1325,0,ğŸ’‰,medicine | needle | shot | sick | syringe,4,6
1326,0,ğŸ©¸,bleed | blooddonation | drop of blood | injury | medicine | menstruation,3,6
1327,0,ğŸ’Š,doctor | medicine | pill | sick,4,6
1328,0,ğŸ©¹,adhesive bandage | bandage,4,6
1329,0,ğŸ©¼,cane | disability | hurt | mobility aid | stick,4,6
1330,0,ğŸ©º,doctor | heart | medicine | stethoscope,4,6
1331,0,ğŸ©»,bones | doctor | medical | skeleton,4,6
1332,0,ğŸšª,door,4,6
1333,0,ğŸ›—,accessibility | elevator | hoist | lift,4,6
1334,0,ğŸª,mirror | reflection | reflector | speculum,4,6
1335,0,ğŸªŸ,frame | fresh air | opening | transparent | view | window,4,6
1336,0,ğŸ›,bed | hotel | sleep,4,6
1337,0,ğŸ›‹,couch | couch and lamp | hotel | lamp,4,6
1338,0,ğŸª‘,chair | seat | sit,4,6
1339,0,ğŸš½,toilet,4,6
1340,0,ğŸª ,force cup | plumber | plunger | suction | toilet,4,6
1341,0,ğŸš¿,shower | water,4,6
1342,0,ğŸ›,bath | bathtub,4,6
1343,0,ğŸª¤,bait | mouse trap | mousetrap | snare | trap,4,6
1344,0,ğŸª’,razor | sharp | shave,4,6
1345,0,ğŸ§´,lotion | lotion bottle | moisturizer | shampoo | sunscreen,4,6
1346,0,ğŸ§·,diaper | punk rock | safety pin,4,6
1347,0,ğŸ§¹,broom | cleaning | sweeping | witch,4,6
1348,0,ğŸ§º,basket | farming | laundry | picnic,4,6
1349,0,ğŸ§»,paper towels | roll of paper | toilet paper,4,6
1350,0,ğŸª£,bucket| cask | pail | vat,4,6
1351,0,ğŸ§¼,bar | bathing | cleaning | lather | soap | soapdish,4,6
1352,0,ğŸ«§,burp | clean | soap | underwater,4,6
1353,0,ğŸª¥,bathroom | brush | clean | dental | hygiene | teeth | toothbrush,4,6
1354,0,ğŸ§½,absorbing | cleaning | porous | sponge,4,6
1355,0,ğŸ§¯,extinguish | fire | fire extinguisher | quench,3,6
1356,0,ğŸ›’,cart | shopping | trolley,4,6
1357,0,ğŸš¬,cigarette | smoking,4,6
1358,0,âš°,coffin | death,4,6
1359,0,ğŸª¦,cemetery | grave | graveyard | headstone | tombstone,4,6
1360,0,âš±,ashes | death | funeral | urn,4,6
1361,0,ğŸ—¿,face | moai | moyai | statue,4,6
1362,0,ğŸª§,demonstration | picket| placard | protest | sign,4,6
1363,0,ğŸªª,credentials | ID | license | security,4,6
1364,0,ğŸ§,atm | ATM sign | automated | bank | teller,4,7
1365,0,ğŸš®,litter | litter bin | litter in bin sign,4,7
1366,0,ğŸš°,drinking | potable | water,4,7
1367,0,â™¿,access | wheelchair symbol,4,7
1368,0,ğŸš¹,lavatory | man | menâ€™s room | restroom| wc,4,7
1369,0,ğŸšº,lavatory | restroom | wc | woman | womenâ€™s room,5,7
1370,0,ğŸš»,lavatory | restroom | WC,4,7
1371,0,ğŸš¼,baby | baby symbol | changing,1,7
1372,0,ğŸš¾,closet | lavatory | restroom | water | wc,4,7
1373,0,ğŸ›‚,control | passport,4,7
1374,0,ğŸ›ƒ,customs,4,7
1375,0,ğŸ›„,baggage | claim,4,7
1376,0,ğŸ›…,baggage | left luggage | locker | luggage,4,7
1377,0,âš ,warning,4,7
1378,0,ğŸš¸,child | children crossing | crossing | pedestrian | traffic,1,7
1379,0,â›”,entry | forbidden | no | not | prohibited | traffic,3,7
1380,0,ğŸš«,entry | forbidden | no | not | prohibited,3,7
1381,0,ğŸš³,bicycle | bike | forbidden | no | no bicycles | prohibited,3,7
1382,0,ğŸš­,forbidden | no | not | prohibited | smoking,3,7
1383,0,ğŸš¯,forbidden | litter | no | no littering | not | prohibited,3,7
1384,0,ğŸš±,non-drinking | non-potable | water,3,7
1385,0,ğŸš·,forbidden | no | no pedestrians | not | pedestrian | prohibited,3,7
1386,0,ğŸ“µ,cell | forbidden | mobile | no| no mobile phones | phone,3,7
1387,0,ğŸ”,18 | age restriction | eighteen | no one undereighteen | prohibited | underage,3,7
1388,0,â˜¢,radioactive | sign,4,7
1389,0,â˜£,biohazard | sign,4,7
1390,0,â¬†,arrow | cardinal | direction | north | up arrow,4,7
1391,0,â†—,arrow | direction | intercardinal | northeast | up-right arrow,4,7
1392,0,â¡,arrow | cardinal| direction | east | right arrow,4,7
1393,0,â†˜,arrow | direction | down-right arrow | intercardinal | southeast,4,7
1394,0,â¬‡,arrow | cardinal | direction | down | south,4,7
1395,0,â†™,arrow | direction | down-left arrow | intercardinal | southwest,4,7
1396,0,â¬…,arrow| cardinal | direction | left arrow | west,4,7
1397,0,â†–,arrow | direction | intercardinal | northwest | up-left arrow,4,7
1398,0,â†•,arrow | up-down arrow,4,7
1399,0,â†”,arrow | left-right arrow,4,7
1400,0,â†©,arrow | right arrow curving left,4,7
1401,0,â†ª,arrow | left arrow curving right,4,7
1402,0,â¤´,arrow | rightarrow curving up,4,7
1403,0,â¤µ,arrow | down | right arrow curving down,4,7
1404,0,ğŸ”ƒ,arrow | clockwise | clockwise vertical arrows | reload,4,7
1405,0,ğŸ”„,anticlockwise | arrow | counterclockwise | counterclockwise arrows button | withershins,4,7
1406,0,ğŸ”™,arrow | back | BACK arrow,4,7
1407,0,ğŸ”š,arrow | end | END arrow,4,7
1408,0,ğŸ”›,arrow | mark | on | ON! arrow,4,7
1409,0,ğŸ”œ,arrow | soon | SOON arrow,4,7
1410,0,ğŸ”,arrow | top | TOP arrow | up,4,7
1411,0,ğŸ›,place of worship | religion | worship,5,7
1412,0,âš›,atheist | atom | atom symbol,4,7
1413,0,ğŸ•‰,Hindu | om | religion,5,7
1414,0,âœ¡,David | Jew | Jewish | religion | star | star of David,4,7
1415,0,â˜¸,Buddhist | dharma | religion | wheel | wheel of dharma,4,7
1416,0,â˜¯,religion | tao | taoist| yang | yin,4,7
1417,0,âœ,Christian | cross | latin cross | religion,4,7
1418,0,â˜¦,Christian | cross | orthodox cross | religion,4,7
1419,0,â˜ª,islam | Muslim | religion | star andcrescent,4,7
1420,0,â˜®,peace | peace symbol,4,7
1421,0,ğŸ•,candelabrum | candlestick | menorah | religion,5,7
1422,0,ğŸ”¯,dotted six-pointed star | fortune | star,5,7
1423,0,â™ˆ,Aries | ram | zodiac,5,7
1424,0,â™‰,bull | ox | Taurus | zodiac,5,7
1425,0,â™Š,Gemini| twins | zodiac,5,7
1426,0,â™‹,Cancer | crab | zodiac,5,7
1427,0,â™Œ,Leo | lion | zodiac,5,7
1428,0,â™,Virgo | zodiac,5,7
1429,0,â™,balance | justice | Libra | scales | zodiac,5,7
1430,0,â™,Scorpio | scorpion | scorpius | zodiac,5,7
1431,0,â™,archer | Sagittarius | zodiac,5,7
1432,0,â™‘,Capricorn | goat | zodiac,5,7
1433,0,â™’,Aquarius | bearer | water | zodiac,5,7
1434,0,â™“,fish | Pisces | zodiac,5,7
1435,0,â›,bearer | Ophiuchus | serpent | snake | zodiac,5,7
1436,0,ğŸ”€,arrow | crossed | shuffle tracks button,4,7
1437,0,ğŸ”,arrow | clockwise | repeat | repeat button,4,7
1438,0,ğŸ”‚,arrow | clockwise| once | repeat single button,4,7
1439,0,â–¶,arrow | play | play button | right | triangle,4,7
1440,0,â©,arrow | double | fast | fast-forward button | forward,4,7
1441,0,â­,arrow | next scene | next track | next track button | triangle,4,7
1442,0,â¯,arrow | pause | play | play or pause button | right | triangle,4,7
1443,0,â—€,arrow | left | reverse | reverse button | triangle,4,7
1444,0,âª,arrow | double | fast reverse button | rewind,4,7
1445,0,â®,arrow | last track button | previous scene | previous track | triangle,4,7
1446,0,ğŸ”¼,arrow | button | red | upwards button,4,7
1447,0,â«,arrow | double | fast up button,4,7
1448,0,ğŸ”½,arrow | button | down | downwards button | red,4,7
1449,0,â¬,arrow | double | down | fast down button,4,7
1450,0,â¸,bar | double | pause | pause button | vertical,4,7
1451,0,â¹,square | stop | stop button,4,7
1452,0,âº,circle | record | record button,4,7
1453,0,â,eject | eject button,4,7
1454,0,ğŸ¦,camera | cinema | film | movie,4,7
1455,0,ğŸ”…,brightness | dim | dim button | low,1,7
1456,0,ğŸ”†,bright | bright button | brightness,1,7
1457,0,ğŸ“¶,antenna | antenna bars | bar | cell | mobile | phone,4,7
1458,0,ğŸ“³,cell | mobile | mode | phone | telephone| vibration,1,7
1459,0,ğŸ“´,cell | mobile | off | phone | telephone,1,7
1460,0,â™€,female sign | woman,4,7
1461,0,â™‚,male sign | man,4,7
1462,0,âš§,transgender | transgender symbol,4,7
1463,0,âœ–,Ã— | cancel | multiplication | multiply | sign | x,4,7
1464,0,â•,#ERROR!,4,7
1465,0,â–,- | âˆ’ | math | minus | sign,4,7
1466,0,â—,Ã· | divide | division | math | sign,4,7
1467,0,ğŸŸ°,equality | math,4,7
1468,0,â™¾,forever | infinity | unbounded | universal,4,7
1469,0,â€¼,! | !! | bangbang | double exclamation mark| exclamation | mark,4,7
1470,0,â‰,! | !? | ? | exclamation | interrobang | mark | punctuation | question,4,7
1471,0,â“,? | mark | punctuation | question | red question mark,3,7
1472,0,â”,? | mark | outlined | punctuation | question | white question mark,4,7
1473,0,â•,! | exclamation | mark | outlined | punctuation | white exclamation mark,4,7
1474,0,â—,! | exclamation | mark | punctuation | red exclamation mark,3,7
1475,0,ã€°,dash | punctuation | wavy,4,7
1476,0,ğŸ’±,bank | currency | exchange | money,4,7
1477,0,ğŸ’²,currency | dollar | heavy dollar sign | money,4,7
1478,0,âš•,aesculapius | medical symbol | medicine | staff,4,7
1479,0,â™»,recycle | recycling symbol,4,7
1480,0,âšœ,fleur-de-lis,4,7
1481,0,ğŸ”±,anchor | emblem | ship | tool | trident,1,7
1482,0,ğŸ“›,badge | name,4,7
1483,0,ğŸ”°,beginner | chevron | Japanese | Japanese symbol for beginner | leaf,4,7
1484,0,â­•,circle | hollow red circle | large| o | red,3,7
1485,0,âœ…,âœ“ | button | check | mark,2,7
1486,0,â˜‘,âœ“ | box | check | check box with check,4,7
1487,0,âœ”,âœ“ | check | mark,4,7
1488,0,âŒ,Ã— | cancel | cross | mark | multiplication | multiply | x,3,7
1489,0,â,Ã— | cross mark button | mark| square | x,2,7
1490,0,â°,curl | curly loop | loop,4,7
1491,0,â¿,curl | double| double curly loop | loop,4,7
1492,0,ã€½,mark | part | part alternation mark,4,7
1493,0,âœ³,* | asterisk | eight-spoked asterisk,4,7
1494,0,âœ´,* | eight-pointedstar | star,4,7
1495,0,â‡,* | sparkle,4,7
1496,0,Â©,c | copyright,4,7
1497,0,Â®,r | registered,4,7
1498,0,â„¢,mark | tm | trade mark | trademark,4,7
1499,0,#ï¸âƒ£,keycap: #,4,7
1500,0,*ï¸âƒ£,keycap: *,4,7
1501,0,0ï¸âƒ£,keycap: 0,4,7
1502,0,1ï¸âƒ£,keycap: 1,4,7
1503,0,2ï¸âƒ£,keycap: 2,4,7
1504,0,3ï¸âƒ£,keycap: 3,4,7
1505,0,4ï¸âƒ£,keycap: 4,4,7
1506,0,5ï¸âƒ£,keycap: 5,4,7
1507,0,6ï¸âƒ£,keycap: 6,4,7
1508,0,7ï¸âƒ£,keycap: 7,4,7
1509,0,8ï¸âƒ£,keycap: 8,4,7
1510,0,9ï¸âƒ£,keycap: 9,4,7
1511,0,ğŸ”Ÿ,keycap: 10,4,7
1512,0,ğŸ” ,ABCD | input | latin | letters | uppercase,4,7
1513,0,ğŸ”¡,abcd | input | latin | letters | lowercase,4,7
1514,0,ğŸ”¢,1234 | input | numbers,4,7
1515,0,ğŸ”£,ã€’â™ª&amp;% | input | inputsymbols,4,7
1516,0,ğŸ”¤,abc | alphabet | input | latin | letters,4,7
1517,0,ğŸ…°,a | A button (blood type) | blood type,4,7
1518,0,ğŸ†,ab | AB button (bloodtype) | blood type,4,7
1519,0,ğŸ…±,b | B button (blood type) | blood type,4,7
1520,0,ğŸ†‘,cl | CL button,4,7
1521,0,ğŸ†’,cool | COOL button,4,7
1522,0,ğŸ†“,free | FREE button,4,7
1523,0,â„¹,i | information,4,7
1524,0,ğŸ†”,id | ID button | identity,4,7
1525,0,â“‚,circle | circled M | m,4,7
1526,0,ğŸ†•,new | NEW button,4,7
1527,0,ğŸ†–,ng | NG button,4,7
1528,0,ğŸ…¾,blood type | o | O button (blood type),4,7
1529,0,ğŸ†—,OK | OK button,4,7
1530,0,ğŸ…¿,P button | parking,4,7
1531,0,ğŸ†˜,help | sos | SOS button,4,7
1532,0,ğŸ†™,mark | up | UP! button,4,7
1533,0,ğŸ†š,versus | vs | VS button,4,7
1534,0,ğŸˆ,here | Japanese | Japanese here button | katakana | ã‚³ã‚³,4,7
1535,0,ğŸˆ‚,service charge | Japanese | Japanese servicecharge button | katakana | ã‚µ,4,7
1536,0,ğŸˆ·,monthly amount | ideograph | Japanese | Japanese monthly amount button | æœˆ,4,7
1537,0,ğŸˆ¶,not free ofcharge | ideograph | Japanese | Japanese not free of charge button | æœ‰,4,7
1538,0,ğŸˆ¯,reserved | ideograph | Japanese | Japanese reserved button | æŒ‡,4,7
1539,0,ğŸ‰,bargain | ideograph | Japanese | Japanese bargain button | å¾—,4,7
1540,0,ğŸˆ¹,discount | ideograph | Japanese | Japanese discount button | å‰²,4,7
1541,0,ğŸˆš,free of charge | ideograph | Japanese | Japanese free of charge button | ç„¡,4,7
1542,0,ğŸˆ²,prohibited | ideograph | Japanese | Japanese prohibited button | ç¦,4,7
1543,0,ğŸ‰‘,acceptable | ideograph | Japanese | Japanese acceptable button |å¯,4,7
1544,0,ğŸˆ¸,application | ideograph | Japanese | Japanese applicationbutton | ç”³,4,7
1545,0,ğŸˆ´,passing grade | ideograph | Japanese | Japanesepassing grade button | åˆ,4,7
1546,0,ğŸˆ³,vacancy | ideograph | Japanese | Japanesevacancy button | ç©º,4,7
1547,0,ãŠ—,congratulations | ideograph | Japanese | Japanese congratulations button | ç¥,4,7
1548,0,ãŠ™,secret | ideograph | Japanese | Japanese secret button | ç§˜,4,7
1549,0,ğŸˆº,open for business | ideograph | Japanese | Japanese open for business button | å–¶,4,7
1550,0,ğŸˆµ,no vacancy | ideograph | Japanese | Japanese no vacancy button | æº€,4,7
1551,0,ğŸ”´,circle | geometric | red,4,7
1552,0,ğŸŸ ,circle | orange,4,7
1553,0,ğŸŸ¡,circle | yellow,4,7
1554,0,ğŸŸ¢,circle | green,4,7
1555,0,ğŸ”µ,blue | circle | geometric,4,7
1556,0,ğŸŸ£,circle | purple,4,7
1557,0,ğŸŸ¤,brown | circle,4,7
1558,0,âš«,black circle| circle | geometric,4,7
1559,0,âšª,circle | geometric | white circle,4,7
1560,0,ğŸŸ¥,red | square,4,7
1561,0,ğŸŸ§,orange | square,4,7
1562,0,ğŸŸ¨,square | yellow,4,7
1563,0,ğŸŸ©,green | square,4,7
1564,0,ğŸŸ¦,blue | square,4,7
1565,0,ğŸŸª,purple | square,4,7
1566,0,ğŸŸ«,brown | square,4,7
1567,0,â¬›,blacklarge square | geometric | square,4,7
1568,0,â¬œ,geometric | square | white large square,4,7
1569,0,â—¼,black medium square | geometric | square,4,7
1570,0,â—»,geometric | square | white medium square,4,7
1571,0,â—¾,black medium-small square | geometric | square,4,7
1572,0,â—½,geometric | square | white medium-small square,4,7
1573,0,â–ª,black small square | geometric | square,4,7
1574,0,â–«,geometric | square | white small square,4,7
1575,0,ğŸ”¶,diamond | geometric | large orangediamond | orange,4,7
1576,0,ğŸ”·,blue | diamond | geometric | large blue diamond,4,7
1577,0,ğŸ”¸,diamond | geometric | orange | small orange diamond,4,7
1578,0,ğŸ”¹,blue | diamond | geometric | small blue diamond,4,7
1579,0,ğŸ”º,geometric | red | red triangle pointed up,4,7
1580,0,ğŸ”»,down | geometric | red | red trianglepointed down,4,7
1581,0,ğŸ’ ,comic | diamond | diamond with a dot | geometric | inside,4,7
1582,0,ğŸ”˜,button | geometric | radio,4,7
1583,0,ğŸ”³,button | geometric| outlined | square | white square button,4,7
1584,0,ğŸ”²,black square button | button | geometric | square,4,7
1585,0,ğŸ,checkered | chequered | chequered flag | racing,4,8
1586,0,ğŸš©,post | triangular flag,4,8
1587,0,ğŸŒ,celebration | cross | crossed | crossedflags | Japanese,4,8
1588,0,ğŸ´,black flag | waving,4,8
1589,0,ğŸ³,waving | white flag,4,8
1590,0,ğŸ³ï¸â€ğŸŒˆ,pride | rainbow | rainbow flag,4,8
1591,0,ğŸ³ï¸â€âš§ï¸,flag | light blue | pink | transgender | white,4,8
1592,0,ğŸ´â€â˜ ï¸,Jolly Roger | pirate | pirate flag | plunder | treasure,4,8
1593,0,ğŸ‡¦ğŸ‡¨,flag | Ascension Island,4,8
1594,0,ğŸ‡¦ğŸ‡©,flag | Andorra,4,8
1595,0,ğŸ‡¦ğŸ‡ª,flag | United ArabEmirates,4,8
1596,0,ğŸ‡¦ğŸ‡«,flag | Afghanistan,4,8
1597,0,ğŸ‡¦ğŸ‡¬,flag | Antigua &amp;Barbuda,4,8
1598,0,ğŸ‡¦ğŸ‡®,flag | Anguilla,4,8
1599,0,ğŸ‡¦ğŸ‡±,flag | Albania,4,8
1600,0,ğŸ‡¦ğŸ‡²,flag | Armenia,4,8
1601,0,ğŸ‡¦ğŸ‡´,flag | Angola,4,8
1602,0,ğŸ‡¦ğŸ‡¶,flag | Antarctica,4,8
1603,0,ğŸ‡¦ğŸ‡·,flag | Argentina,4,8
1604,0,ğŸ‡¦ğŸ‡¸,flag | AmericanSamoa,4,8
1605,0,ğŸ‡¦ğŸ‡¹,flag | Austria,4,8
1606,0,ğŸ‡¦ğŸ‡º,flag | Australia,4,8
1607,0,ğŸ‡¦ğŸ‡¼,flag | Aruba,4,8
1608,0,ğŸ‡¦ğŸ‡½,flag | Ã…land Islands,4,8
1609,0,ğŸ‡¦ğŸ‡¿,flag | Azerbaijan,4,8
1610,0,ğŸ‡§ğŸ‡¦,flag | Bosnia &amp; Herzegovina,4,8
1611,0,ğŸ‡§ğŸ‡§,flag | Barbados,4,8
1612,0,ğŸ‡§ğŸ‡©,flag | Bangladesh,4,8
1613,0,ğŸ‡§ğŸ‡ª,flag | Belgium,4,8
1614,0,ğŸ‡§ğŸ‡«,flag | Burkina Faso,4,8
1615,0,ğŸ‡§ğŸ‡¬,flag | Bulgaria,4,8
1616,0,ğŸ‡§ğŸ‡­,flag | Bahrain,4,8
1617,0,ğŸ‡§ğŸ‡®,flag | Burundi,4,8
1618,0,ğŸ‡§ğŸ‡¯,flag | Benin,4,8
1619,0,ğŸ‡§ğŸ‡±,flag | St. BarthÃ©lemy,4,8
1620,0,ğŸ‡§ğŸ‡²,flag | Bermuda,4,8
1621,0,ğŸ‡§ğŸ‡³,flag | Brunei,4,8
1622,0,ğŸ‡§ğŸ‡´,flag | Bolivia,4,8
1623,0,ğŸ‡§ğŸ‡¶,flag | Caribbean Netherlands,4,8
1624,0,ğŸ‡§ğŸ‡·,flag | Brazil,4,8
1625,0,ğŸ‡§ğŸ‡¸,flag | Bahamas,4,8
1626,0,ğŸ‡§ğŸ‡¹,flag | Bhutan,4,8
1627,0,ğŸ‡§ğŸ‡»,flag |Bouvet Island,4,8
1628,0,ğŸ‡§ğŸ‡¼,flag | Botswana,4,8
1629,0,ğŸ‡§ğŸ‡¾,flag | Belarus,4,8
1630,0,ğŸ‡§ğŸ‡¿,flag | Belize,4,8
1631,0,ğŸ‡¨ğŸ‡¦,flag | Canada,4,8
1632,0,ğŸ‡¨ğŸ‡¨,flag | Cocos (Keeling) Islands,4,8
1633,0,ğŸ‡¨ğŸ‡©,flag | Congo - Kinshasa,4,8
1634,0,ğŸ‡¨ğŸ‡«,flag | Central African Republic,4,8
1635,0,ğŸ‡¨ğŸ‡¬,flag | Congo - Brazzaville,4,8
1636,0,ğŸ‡¨ğŸ‡­,flag | Switzerland,4,8
1637,0,ğŸ‡¨ğŸ‡®,flag | CÃ´te dâ€™Ivoire,4,8
1638,0,ğŸ‡¨ğŸ‡°,flag | Cook Islands,4,8
1639,0,ğŸ‡¨ğŸ‡±,flag | Chile,4,8
1640,0,ğŸ‡¨ğŸ‡²,flag | Cameroon,4,8
1641,0,ğŸ‡¨ğŸ‡³,flag | China,4,8
1642,0,ğŸ‡¨ğŸ‡´,flag | Colombia,4,8
1643,0,ğŸ‡¨ğŸ‡µ,flag | Clipperton Island,4,8
1644,0,ğŸ‡¨ğŸ‡·,flag | Costa Rica,4,8
1645,0,ğŸ‡¨ğŸ‡º,flag | Cuba,4,8
1646,0,ğŸ‡¨ğŸ‡»,flag | Cape Verde,4,8
1647,0,ğŸ‡¨ğŸ‡¼,flag |CuraÃ§ao,4,8
1648,0,ğŸ‡¨ğŸ‡½,flag | Christmas Island,4,8
1649,0,ğŸ‡¨ğŸ‡¾,flag | Cyprus,4,8
1650,0,ğŸ‡¨ğŸ‡¿,flag | Czechia,4,8
1651,0,ğŸ‡©ğŸ‡ª,flag | Germany,4,8
1652,0,ğŸ‡©ğŸ‡¬,flag | Diego Garcia,4,8
1653,0,ğŸ‡©ğŸ‡¯,flag | Djibouti,4,8
1654,0,ğŸ‡©ğŸ‡°,flag | Denmark,4,8
1655,0,ğŸ‡©ğŸ‡²,flag | Dominica,4,8
1656,0,ğŸ‡©ğŸ‡´,flag | Dominican Republic,4,8
1657,0,ğŸ‡©ğŸ‡¿,flag | Algeria,4,8
1658,0,ğŸ‡ªğŸ‡¦,flag | Ceuta &amp; Melilla,4,8
1659,0,ğŸ‡ªğŸ‡¨,flag | Ecuador,4,8
1660,0,ğŸ‡ªğŸ‡ª,flag | Estonia,4,8
1661,0,ğŸ‡ªğŸ‡¬,flag |Egypt,4,8
1662,0,ğŸ‡ªğŸ‡­,flag | Western Sahara,4,8
1663,0,ğŸ‡ªğŸ‡·,flag | Eritrea,4,8
1664,0,ğŸ‡ªğŸ‡¸,flag | Spain,4,8
1665,0,ğŸ‡ªğŸ‡¹,flag | Ethiopia,4,8
1666,0,ğŸ‡ªğŸ‡º,flag | European Union,4,8
1667,0,ğŸ‡«ğŸ‡®,flag | Finland,4,8
1668,0,ğŸ‡«ğŸ‡¯,flag | Fiji,4,8
1669,0,ğŸ‡«ğŸ‡°,flag | Falkland Islands,4,8
1670,0,ğŸ‡«ğŸ‡²,flag | Micronesia,4,8
1671,0,ğŸ‡«ğŸ‡´,flag | Faroe Islands,4,8
1672,0,ğŸ‡«ğŸ‡·,flag | France,4,8
1673,0,ğŸ‡¬ğŸ‡¦,flag | Gabon,4,8
1674,0,ğŸ‡¬ğŸ‡§,flag | United Kingdom,4,8
1675,0,ğŸ‡¬ğŸ‡©,flag | Grenada,4,8
1676,0,ğŸ‡¬ğŸ‡ª,flag | Georgia,4,8
1677,0,ğŸ‡¬ğŸ‡«,flag | French Guiana,4,8
1678,0,ğŸ‡¬ğŸ‡¬,flag | Guernsey,4,8
1679,0,ğŸ‡¬ğŸ‡­,flag | Ghana,4,8
1680,0,ğŸ‡¬ğŸ‡®,flag | Gibraltar,4,8
1681,0,ğŸ‡¬ğŸ‡±,flag | Greenland,4,8
1682,0,ğŸ‡¬ğŸ‡²,flag | Gambia,4,8
1683,0,ğŸ‡¬ğŸ‡³,flag | Guinea,4,8
1684,0,ğŸ‡¬ğŸ‡µ,flag | Guadeloupe,4,8
1685,0,ğŸ‡¬ğŸ‡¶,flag | Equatorial Guinea,4,8
1686,0,ğŸ‡¬ğŸ‡·,flag | Greece,4,8
1687,0,ğŸ‡¬ğŸ‡¸,flag | South Georgia &amp; South Sandwich Islands,4,8
1688,0,ğŸ‡¬ğŸ‡¹,flag | Guatemala,4,8
1689,0,ğŸ‡¬ğŸ‡º,flag | Guam,4,8
1690,0,ğŸ‡¬ğŸ‡¼,flag | Guinea-Bissau,4,8
1691,0,ğŸ‡¬ğŸ‡¾,flag | Guyana,4,8
1692,0,ğŸ‡­ğŸ‡°,flag | Hong Kong SAR China,4,8
1693,0,ğŸ‡­ğŸ‡²,flag | Heard &amp; McDonald Islands,4,8
1694,0,ğŸ‡­ğŸ‡³,flag | Honduras,4,8
1695,0,ğŸ‡­ğŸ‡·,flag | Croatia,4,8
1696,0,ğŸ‡­ğŸ‡¹,flag | Haiti,4,8
1697,0,ğŸ‡­ğŸ‡º,flag |Hungary,4,8
1698,0,ğŸ‡®ğŸ‡¨,flag | Canary Islands,4,8
1699,0,ğŸ‡®ğŸ‡©,flag | Indonesia,4,8
1700,0,ğŸ‡®ğŸ‡ª,flag | Ireland,4,8
1701,0,ğŸ‡®ğŸ‡±,flag | Israel,4,8
1702,0,ğŸ‡®ğŸ‡²,flag | Isle of Man,4,8
1703,0,ğŸ‡®ğŸ‡³,flag | India,4,8
1704,0,ğŸ‡®ğŸ‡´,flag |British Indian Ocean Territory,4,8
1705,0,ğŸ‡®ğŸ‡¶,flag | Iraq,4,8
1706,0,ğŸ‡®ğŸ‡·,flag |Iran,4,8
1707,0,ğŸ‡®ğŸ‡¸,flag | Iceland,4,8
1708,0,ğŸ‡®ğŸ‡¹,flag | Italy,4,8
1709,0,ğŸ‡¯ğŸ‡ª,flag | Jersey,4,8
1710,0,ğŸ‡¯ğŸ‡²,flag | Jamaica,4,8
1711,0,ğŸ‡¯ğŸ‡´,flag |Jordan,4,8
1712,0,ğŸ‡¯ğŸ‡µ,flag | Japan,4,8
1713,0,ğŸ‡°ğŸ‡ª,flag | Kenya,4,8
1714,0,ğŸ‡°ğŸ‡¬,flag | Kyrgyzstan,4,8
1715,0,ğŸ‡°ğŸ‡­,flag | Cambodia,4,8
1716,0,ğŸ‡°ğŸ‡®,flag | Kiribati,4,8
1717,0,ğŸ‡°ğŸ‡²,flag | Comoros,4,8
1718,0,ğŸ‡°ğŸ‡³,flag | St. Kitts &amp;Nevis,4,8
1719,0,ğŸ‡°ğŸ‡µ,flag | North Korea,4,8
1720,0,ğŸ‡°ğŸ‡·,flag | South Korea,4,8
1721,0,ğŸ‡°ğŸ‡¼,flag | Kuwait,4,8
1722,0,ğŸ‡°ğŸ‡¾,flag | Cayman Islands,4,8
1723,0,ğŸ‡°ğŸ‡¿,flag | Kazakhstan,4,8
1724,0,ğŸ‡±ğŸ‡¦,flag | Laos,4,8
1725,0,ğŸ‡±ğŸ‡§,flag |Lebanon,4,8
1726,0,ğŸ‡±ğŸ‡¨,flag | St. Lucia,4,8
1727,0,ğŸ‡±ğŸ‡®,flag | Liechtenstein,4,8
1728,0,ğŸ‡±ğŸ‡°,flag | Sri Lanka,4,8
1729,0,ğŸ‡±ğŸ‡·,flag | Liberia,4,8
1730,0,ğŸ‡±ğŸ‡¸,flag | Lesotho,4,8
1731,0,ğŸ‡±ğŸ‡¹,flag | Lithuania,4,8
1732,0,ğŸ‡±ğŸ‡º,flag |Luxembourg,4,8
1733,0,ğŸ‡±ğŸ‡»,flag | Latvia,4,8
1734,0,ğŸ‡±ğŸ‡¾,flag | Libya,4,8
1735,0,ğŸ‡²ğŸ‡¦,flag | Morocco,4,8
1736,0,ğŸ‡²ğŸ‡¨,flag | Monaco,4,8
1737,0,ğŸ‡²ğŸ‡©,flag | Moldova,4,8
1738,0,ğŸ‡²ğŸ‡ª,flag | Montenegro,4,8
1739,0,ğŸ‡²ğŸ‡«,flag | St. Martin,4,8
1740,0,ğŸ‡²ğŸ‡¬,flag | Madagascar,4,8
1741,0,ğŸ‡²ğŸ‡­,flag | Marshall Islands,4,8
1742,0,ğŸ‡²ğŸ‡°,flag | North Macedonia,4,8
1743,0,ğŸ‡²ğŸ‡±,flag | Mali,4,8
1744,0,ğŸ‡²ğŸ‡²,flag | Myanmar (Burma),4,8
1745,0,ğŸ‡²ğŸ‡³,flag | Mongolia,4,8
1746,0,ğŸ‡²ğŸ‡´,flag | Macao SAR China,4,8
1747,0,ğŸ‡²ğŸ‡µ,flag | Northern Mariana Islands,4,8
1748,0,ğŸ‡²ğŸ‡¶,flag | Martinique,4,8
1749,0,ğŸ‡²ğŸ‡·,flag | Mauritania,4,8
1750,0,ğŸ‡²ğŸ‡¸,flag |Montserrat,4,8
1751,0,ğŸ‡²ğŸ‡¹,flag | Malta,4,8
1752,0,ğŸ‡²ğŸ‡º,flag | Mauritius,4,8
1753,0,ğŸ‡²ğŸ‡»,flag | Maldives,4,8
1754,0,ğŸ‡²ğŸ‡¼,flag | Malawi,4,8
1755,0,ğŸ‡²ğŸ‡½,flag | Mexico,4,8
1756,0,ğŸ‡²ğŸ‡¾,flag | Malaysia,4,8
1757,0,ğŸ‡²ğŸ‡¿,flag | Mozambique,4,8
1758,0,ğŸ‡³ğŸ‡¦,flag | Namibia,4,8
1759,0,ğŸ‡³ğŸ‡¨,flag | New Caledonia,4,8
1760,0,ğŸ‡³ğŸ‡ª,flag | Niger,4,8
1761,0,ğŸ‡³ğŸ‡«,flag | Norfolk Island,4,8
1762,0,ğŸ‡³ğŸ‡¬,flag | Nigeria,4,8
1763,0,ğŸ‡³ğŸ‡®,flag | Nicaragua,4,8
1764,0,ğŸ‡³ğŸ‡±,flag | Netherlands,4,8
1765,0,ğŸ‡³ğŸ‡´,flag | Norway,4,8
1766,0,ğŸ‡³ğŸ‡µ,flag | Nepal,4,8
1767,0,ğŸ‡³ğŸ‡·,flag | Nauru,4,8
1768,0,ğŸ‡³ğŸ‡º,flag | Niue,4,8
1769,0,ğŸ‡³ğŸ‡¿,flag | NewZealand,4,8
1770,0,ğŸ‡´ğŸ‡²,flag | Oman,4,8
1771,0,ğŸ‡µğŸ‡¦,flag | Panama,4,8
1772,0,ğŸ‡µğŸ‡ª,flag | Peru,4,8
1773,0,ğŸ‡µğŸ‡«,flag | French Polynesia,4,8
1774,0,ğŸ‡µğŸ‡¬,flag | Papua New Guinea,4,8
1775,0,ğŸ‡µğŸ‡­,flag | Philippines,4,8
1776,0,ğŸ‡µğŸ‡°,flag |Pakistan,4,8
1777,0,ğŸ‡µğŸ‡±,flag | Poland,4,8
1778,0,ğŸ‡µğŸ‡²,flag | St. Pierre &amp;Miquelon,4,8
1779,0,ğŸ‡µğŸ‡³,flag | Pitcairn Islands,4,8
1780,0,ğŸ‡µğŸ‡·,flag | Puerto Rico,4,8
1781,0,ğŸ‡µğŸ‡¸,flag | Palestinian Territories,4,8
1782,0,ğŸ‡µğŸ‡¹,flag | Portugal,4,8
1783,0,ğŸ‡µğŸ‡¼,flag | Palau,4,8
1784,0,ğŸ‡µğŸ‡¾,flag | Paraguay,4,8
1785,0,ğŸ‡¶ğŸ‡¦,flag | Qatar,4,8
1786,0,ğŸ‡·ğŸ‡ª,flag | RÃ©union,4,8
1787,0,ğŸ‡·ğŸ‡´,flag | Romania,4,8
1788,0,ğŸ‡·ğŸ‡¸,flag | Serbia,4,8
1789,0,ğŸ‡·ğŸ‡º,flag | Russia,4,8
1790,0,ğŸ‡·ğŸ‡¼,flag | Rwanda,4,8
1791,0,ğŸ‡¸ğŸ‡¦,flag | Saudi Arabia,4,8
1792,0,ğŸ‡¸ğŸ‡§,flag | SolomonIslands,4,8
1793,0,ğŸ‡¸ğŸ‡¨,flag | Seychelles,4,8
1794,0,ğŸ‡¸ğŸ‡©,flag | Sudan,4,8
1795,0,ğŸ‡¸ğŸ‡ª,flag | Sweden,4,8
1796,0,ğŸ‡¸ğŸ‡¬,flag | Singapore,4,8
1797,0,ğŸ‡¸ğŸ‡­,flag | St. Helena,4,8
1798,0,ğŸ‡¸ğŸ‡®,flag | Slovenia,4,8
1799,0,ğŸ‡¸ğŸ‡¯,flag | Svalbard&amp; Jan Mayen,4,8
1800,0,ğŸ‡¸ğŸ‡°,flag | Slovakia,4,8
1801,0,ğŸ‡¸ğŸ‡±,flag | Sierra Leone,4,8
1802,0,ğŸ‡¸ğŸ‡²,flag | San Marino,4,8
1803,0,ğŸ‡¸ğŸ‡³,flag | Senegal,4,8
1804,0,ğŸ‡¸ğŸ‡´,flag | Somalia,4,8
1805,0,ğŸ‡¸ğŸ‡·,flag | Suriname,4,8
1806,0,ğŸ‡¸ğŸ‡¸,flag |South Sudan,4,8
1807,0,ğŸ‡¸ğŸ‡¹,flag | SÃ£o TomÃ© &amp; PrÃ­ncipe,4,8
1808,0,ğŸ‡¸ğŸ‡»,flag | ElSalvador,4,8
1809,0,ğŸ‡¸ğŸ‡½,flag | Sint Maarten,4,8
1810,0,ğŸ‡¸ğŸ‡¾,flag | Syria,4,8
1811,0,ğŸ‡¸ğŸ‡¿,flag | Eswatini,4,8
1812,0,ğŸ‡¹ğŸ‡¦,flag | Tristan da Cunha,4,8
1813,0,ğŸ‡¹ğŸ‡¨,flag | Turks &amp; Caicos Islands,4,8
1814,0,ğŸ‡¹ğŸ‡©,flag | Chad,4,8
1815,0,ğŸ‡¹ğŸ‡«,flag | French Southern Territories,4,8
1816,0,ğŸ‡¹ğŸ‡¬,flag | Togo,4,8
1817,0,ğŸ‡¹ğŸ‡­,flag | Thailand,4,8
1818,0,ğŸ‡¹ğŸ‡¯,flag | Tajikistan,4,8
1819,0,ğŸ‡¹ğŸ‡°,flag | Tokelau,4,8
1820,0,ğŸ‡¹ğŸ‡±,flag | Timor-Leste,4,8
1821,0,ğŸ‡¹ğŸ‡²,flag |Turkmenistan,4,8
1822,0,ğŸ‡¹ğŸ‡³,flag | Tunisia,4,8
1823,0,ğŸ‡¹ğŸ‡´,flag | Tonga,4,8
1824,0,ğŸ‡¹ğŸ‡·,flag | Turkey,4,8
1825,0,ğŸ‡¹ğŸ‡¹,flag | Trinidad &amp; Tobago,4,8
1826,0,ğŸ‡¹ğŸ‡»,flag | Tuvalu,4,8
1827,0,ğŸ‡¹ğŸ‡¼,flag | Taiwan,4,8
1828,0,ğŸ‡¹ğŸ‡¿,flag |Tanzania,4,8
1829,0,ğŸ‡ºğŸ‡¦,flag | Ukraine,4,8
1830,0,ğŸ‡ºğŸ‡¬,flag | Uganda,4,8
1831,0,ğŸ‡ºğŸ‡²,flag | U.S. Outlying Islands,4,8
1832,0,ğŸ‡ºğŸ‡³,flag | United Nations,4,8
1833,0,ğŸ‡ºğŸ‡¸,flag | United States,4,8
1834,0,ğŸ‡ºğŸ‡¾,flag | Uruguay,4,8
1835,0,ğŸ‡ºğŸ‡¿,flag | Uzbekistan,4,8
1836,0,ğŸ‡»ğŸ‡¦,flag | Vatican City,4,8
1837,0,ğŸ‡»ğŸ‡¨,flag | St. Vincent &amp; Grenadines,4,8
1838,0,ğŸ‡»ğŸ‡ª,flag | Venezuela,4,8
1839,0,ğŸ‡»ğŸ‡¬,flag | British Virgin Islands,4,8
1840,0,ğŸ‡»ğŸ‡®,flag | U.S. Virgin Islands,4,8
1841,0,ğŸ‡»ğŸ‡³,flag | Vietnam,4,8
1842,0,ğŸ‡»ğŸ‡º,flag | Vanuatu,4,8
1843,0,ğŸ‡¼ğŸ‡«,flag |Wallis &amp; Futuna,4,8
1844,0,ğŸ‡¼ğŸ‡¸,flag | Samoa,4,8
1845,0,ğŸ‡½ğŸ‡°,flag | Kosovo,4,8
1846,0,ğŸ‡¾ğŸ‡ª,flag | Yemen,4,8
1847,0,ğŸ‡¾ğŸ‡¹,flag | Mayotte,4,8
1848,0,ğŸ‡¿ğŸ‡¦,flag | South Africa,4,8
1849,0,ğŸ‡¿ğŸ‡²,flag | Zambia,4,8
1850,0,ğŸ‡¿ğŸ‡¼,flag | Zimbabwe,4,8
1851,0,ğŸ´ó §ó ¢ó ¥ó ®ó §ó ¿,flag | England,4,8
1852,0,ğŸ´ó §ó ¢ó ³ó £ó ´ó ¿,flag | Scotland,4,8
1853,0,ğŸ´ó §ó ¢ó ·ó ¬ó ³ó ¿,flag | Wales,4,8
